,dysp
0,0
1,1
2,1
3,0
4,0
5,0
6,0
7,0
8,1
9,1
10,0
11,0
12,0
13,0
14,1
15,1
16,1
17,1
18,0
19,0
20,0
21,1
22,0
23,0
24,1
25,1
26,0
27,0
28,1
29,0
30,0
31,0
32,0
33,0
34,0
35,1
36,1
37,1
38,0
39,0
40,1
41,1
42,1
43,1
44,0
45,1
46,0
47,0
48,1
49,1
50,1
51,1
52,0
53,1
54,0
55,0
56,0
57,1
58,1
59,1
60,0
61,1
62,1
63,1
64,0
65,0
66,1
67,1
68,0
69,0
70,0
71,1
72,1
73,0
74,1
75,0
76,0
77,1
78,0
79,1
80,1
81,0
82,1
83,0
84,1
85,0
86,0
87,0
88,0
89,1
90,1
91,1
92,1
93,1
94,1
95,0
96,0
97,1
98,0
99,1
100,1
101,0
102,1
103,0
104,1
105,1
106,1
107,0
108,0
109,0
110,1
111,0
112,0
113,1
114,1
115,1
116,0
117,1
118,1
119,1
120,0
121,1
122,1
123,1
124,0
125,1
126,1
127,0
128,0
129,1
130,1
131,0
132,0
133,0
134,1
135,0
136,0
137,1
138,0
139,1
140,1
141,1
142,1
143,0
144,0
145,0
146,0
147,0
148,1
149,0
150,0
151,1
152,1
153,1
154,0
155,1
156,0
157,1
158,0
159,0
160,1
161,1
162,1
163,1
164,1
165,1
166,1
167,0
168,0
169,0
170,1
171,1
172,0
173,0
174,0
175,0
176,0
177,1
178,1
179,1
180,1
181,1
182,1
183,1
184,0
185,0
186,1
187,1
188,1
189,0
190,1
191,0
192,1
193,1
194,1
195,1
196,1
197,1
198,1
199,1
200,0
201,1
202,0
203,1
204,0
205,0
206,0
207,1
208,1
209,1
210,1
211,1
212,1
213,1
214,0
215,1
216,0
217,1
218,0
219,0
220,1
221,0
222,1
223,0
224,1
225,0
226,1
227,1
228,1
229,0
230,0
231,0
232,1
233,1
234,0
235,0
236,1
237,1
238,1
239,1
240,0
241,0
242,1
243,1
244,1
245,1
246,1
247,1
248,1
249,0
250,0
251,1
252,1
253,1
254,1
255,1
256,1
257,1
258,0
259,1
260,0
261,1
262,1
263,0
264,0
265,1
266,1
267,1
268,1
269,0
270,0
271,0
272,1
273,1
274,1
275,0
276,1
277,1
278,1
279,0
280,1
281,1
282,0
283,1
284,0
285,0
286,1
287,1
288,0
289,1
290,0
291,0
292,1
293,1
294,0
295,0
296,1
297,1
298,0
299,0
300,1
301,1
302,1
303,1
304,1
305,0
306,1
307,0
308,0
309,1
310,1
311,1
312,0
313,1
314,1
315,1
316,1
317,0
318,1
319,1
320,1
321,1
322,1
323,1
324,0
325,0
326,1
327,0
328,1
329,1
330,1
331,0
332,1
333,1
334,1
335,0
336,0
337,1
338,0
339,1
340,0
341,1
342,1
343,1
344,0
345,1
346,1
347,1
348,1
349,0
350,0
351,1
352,1
353,1
354,1
355,1
356,1
357,1
358,1
359,1
360,1
361,0
362,1
363,0
364,0
365,1
366,1
367,1
368,0
369,0
370,1
371,1
372,1
373,0
374,0
375,1
376,1
377,1
378,0
379,0
380,0
381,1
382,1
383,0
384,1
385,1
386,1
387,1
388,1
389,0
390,1
391,0
392,1
393,1
394,1
395,0
396,0
397,0
398,1
399,1
400,0
401,0
402,0
403,1
404,0
405,0
406,1
407,0
408,1
409,0
410,1
411,0
412,1
413,1
414,1
415,1
416,0
417,1
418,0
419,0
420,0
421,1
422,1
423,1
424,1
425,1
426,1
427,1
428,1
429,1
430,1
431,0
432,0
433,1
434,1
435,0
436,1
437,0
438,0
439,1
440,0
441,0
442,0
443,1
444,1
445,1
446,0
447,1
448,1
449,1
450,0
451,0
452,0
453,0
454,1
455,1
456,1
457,1
458,0
459,0
460,1
461,0
462,1
463,0
464,1
465,1
466,0
467,1
468,0
469,1
470,0
471,1
472,0
473,1
474,1
475,1
476,1
477,0
478,0
479,0
480,0
481,0
482,0
483,0
484,1
485,0
486,1
487,0
488,1
489,1
490,0
491,1
492,1
493,0
494,0
495,0
496,1
497,0
498,1
499,1
500,0
501,1
502,0
503,0
504,1
505,0
506,0
507,0
508,0
509,1
510,0
511,0
512,1
513,1
514,0
515,0
516,0
517,0
518,1
519,1
520,0
521,1
522,1
523,0
524,0
525,1
526,1
527,1
528,0
529,0
530,1
531,0
532,1
533,1
534,1
535,0
536,0
537,1
538,1
539,1
540,1
541,1
542,0
543,0
544,1
545,1
546,1
547,0
548,0
549,1
550,0
551,1
552,1
553,0
554,1
555,1
556,0
557,1
558,1
559,0
560,1
561,0
562,0
563,1
564,1
565,0
566,1
567,0
568,1
569,1
570,1
571,1
572,0
573,1
574,0
575,0
576,1
577,0
578,1
579,0
580,1
581,1
582,0
583,0
584,0
585,1
586,1
587,1
588,1
589,1
590,0
591,1
592,0
593,0
594,1
595,1
596,0
597,0
598,0
599,1
600,1
601,1
602,1
603,0
604,1
605,0
606,1
607,1
608,1
609,1
610,1
611,0
612,0
613,0
614,1
615,1
616,0
617,1
618,0
619,0
620,1
621,0
622,0
623,1
624,1
625,0
626,0
627,1
628,0
629,0
630,1
631,0
632,0
633,1
634,1
635,0
636,1
637,0
638,1
639,1
640,1
641,0
642,1
643,0
644,1
645,0
646,0
647,1
648,1
649,1
650,0
651,1
652,1
653,0
654,0
655,0
656,1
657,1
658,1
659,1
660,1
661,0
662,1
663,1
664,1
665,0
666,1
667,1
668,0
669,0
670,0
671,0
672,1
673,0
674,1
675,1
676,1
677,1
678,0
679,0
680,1
681,1
682,1
683,1
684,1
685,0
686,1
687,1
688,1
689,1
690,1
691,1
692,1
693,1
694,1
695,1
696,0
697,0
698,1
699,1
700,0
701,1
702,0
703,0
704,0
705,0
706,0
707,1
708,0
709,1
710,1
711,0
712,1
713,0
714,1
715,1
716,0
717,1
718,1
719,1
720,1
721,1
722,0
723,1
724,0
725,1
726,0
727,0
728,0
729,1
730,0
731,1
732,1
733,0
734,1
735,0
736,0
737,1
738,1
739,0
740,1
741,0
742,0
743,1
744,0
745,0
746,0
747,0
748,0
749,0
750,0
751,1
752,0
753,0
754,1
755,0
756,0
757,0
758,0
759,0
760,1
761,0
762,0
763,0
764,0
765,0
766,1
767,1
768,1
769,1
770,0
771,1
772,1
773,1
774,1
775,1
776,1
777,0
778,1
779,1
780,0
781,0
782,1
783,0
784,0
785,1
786,1
787,0
788,0
789,1
790,1
791,1
792,1
793,0
794,1
795,0
796,0
797,0
798,0
799,1
800,1
801,0
802,1
803,1
804,1
805,0
806,1
807,0
808,0
809,0
810,0
811,0
812,1
813,1
814,1
815,1
816,1
817,0
818,0
819,1
820,1
821,1
822,1
823,0
824,0
825,1
826,0
827,1
828,0
829,0
830,1
831,1
832,0
833,1
834,0
835,1
836,1
837,0
838,0
839,1
840,0
841,0
842,0
843,1
844,1
845,1
846,1
847,1
848,1
849,1
850,0
851,1
852,0
853,1
854,0
855,0
856,0
857,1
858,0
859,0
860,1
861,1
862,1
863,1
864,1
865,0
866,1
867,1
868,1
869,0
870,1
871,1
872,0
873,1
874,1
875,0
876,0
877,1
878,1
879,1
880,0
881,1
882,0
883,1
884,0
885,0
886,1
887,1
888,1
889,1
890,0
891,1
892,0
893,1
894,1
895,0
896,1
897,0
898,0
899,0
900,0
901,0
902,0
903,0
904,1
905,1
906,0
907,0
908,1
909,1
910,0
911,1
912,1
913,0
914,1
915,1
916,0
917,0
918,1
919,0
920,1
921,1
922,1
923,1
924,1
925,0
926,0
927,0
928,0
929,1
930,1
931,1
932,1
933,1
934,0
935,1
936,1
937,1
938,1
939,0
940,0
941,1
942,1
943,1
944,1
945,1
946,0
947,0
948,0
949,1
950,1
951,0
952,1
953,1
954,1
955,0
956,0
957,1
958,0
959,1
960,0
961,0
962,0
963,1
964,1
965,1
966,0
967,0
968,0
969,0
970,0
971,0
972,0
973,0
974,1
975,0
976,0
977,0
978,1
979,1
980,1
981,1
982,1
983,1
984,1
985,1
986,1
987,1
988,1
989,1
990,0
991,1
992,0
993,1
994,0
995,0
996,0
997,1
998,1
999,1
1000,0
1001,1
1002,1
1003,0
1004,0
1005,1
1006,1
1007,1
1008,0
1009,1
1010,1
1011,1
1012,1
1013,1
1014,0
1015,1
1016,1
1017,0
1018,1
1019,0
1020,0
1021,1
1022,1
1023,1
1024,1
1025,0
1026,0
1027,1
1028,1
1029,1
1030,1
1031,0
1032,1
1033,1
1034,1
1035,0
1036,1
1037,1
1038,0
1039,1
1040,1
1041,1
1042,1
1043,0
1044,0
1045,1
1046,1
1047,0
1048,1
1049,0
1050,0
1051,1
1052,1
1053,0
1054,0
1055,1
1056,0
1057,1
1058,0
1059,0
1060,1
1061,1
1062,0
1063,0
1064,0
1065,1
1066,1
1067,0
1068,0
1069,0
1070,0
1071,1
1072,1
1073,1
1074,1
1075,0
1076,0
1077,1
1078,1
1079,1
1080,0
1081,1
1082,1
1083,1
1084,1
1085,0
1086,1
1087,1
1088,0
1089,0
1090,1
1091,0
1092,0
1093,0
1094,1
1095,0
1096,1
1097,1
1098,0
1099,1
1100,0
1101,1
1102,1
1103,0
1104,1
1105,1
1106,1
1107,0
1108,1
1109,1
1110,1
1111,0
1112,1
1113,1
1114,1
1115,1
1116,0
1117,1
1118,1
1119,0
1120,1
1121,0
1122,0
1123,0
1124,1
1125,1
1126,1
1127,1
1128,1
1129,1
1130,1
1131,1
1132,0
1133,1
1134,1
1135,1
1136,1
1137,0
1138,1
1139,0
1140,1
1141,1
1142,1
1143,0
1144,0
1145,0
1146,0
1147,0
1148,0
1149,1
1150,0
1151,1
1152,0
1153,1
1154,1
1155,1
1156,1
1157,0
1158,0
1159,1
1160,1
1161,1
1162,1
1163,1
1164,1
1165,1
1166,0
1167,1
1168,0
1169,0
1170,1
1171,0
1172,0
1173,0
1174,1
1175,1
1176,1
1177,0
1178,1
1179,1
1180,0
1181,0
1182,1
1183,1
1184,1
1185,1
1186,0
1187,1
1188,1
1189,0
1190,1
1191,0
1192,1
1193,0
1194,1
1195,1
1196,0
1197,0
1198,1
1199,1
1200,0
1201,1
1202,0
1203,0
1204,1
1205,1
1206,1
1207,0
1208,0
1209,1
1210,1
1211,1
1212,1
1213,0
1214,0
1215,1
1216,1
1217,0
1218,0
1219,1
1220,0
1221,0
1222,0
1223,0
1224,0
1225,0
1226,0
1227,0
1228,0
1229,1
1230,1
1231,0
1232,0
1233,1
1234,0
1235,0
1236,1
1237,0
1238,0
1239,0
1240,1
1241,0
1242,1
1243,1
1244,0
1245,1
1246,0
1247,0
1248,1
1249,0
1250,1
1251,0
1252,0
1253,0
1254,0
1255,1
1256,0
1257,1
1258,0
1259,0
1260,0
1261,1
1262,0
1263,1
1264,0
1265,1
1266,1
1267,1
1268,0
1269,1
1270,1
1271,1
1272,1
1273,0
1274,1
1275,0
1276,1
1277,1
1278,1
1279,0
1280,0
1281,0
1282,0
1283,1
1284,1
1285,0
1286,0
1287,1
1288,0
1289,1
1290,1
1291,1
1292,1
1293,1
1294,0
1295,0
1296,1
1297,1
1298,0
1299,1
1300,0
1301,1
1302,0
1303,0
1304,0
1305,0
1306,1
1307,1
1308,0
1309,0
1310,1
1311,1
1312,0
1313,0
1314,0
1315,0
1316,1
1317,0
1318,1
1319,1
1320,1
1321,1
1322,1
1323,0
1324,1
1325,1
1326,0
1327,0
1328,1
1329,0
1330,0
1331,0
1332,1
1333,0
1334,0
1335,0
1336,0
1337,1
1338,1
1339,1
1340,0
1341,0
1342,1
1343,1
1344,0
1345,0
1346,1
1347,0
1348,0
1349,1
1350,0
1351,1
1352,1
1353,0
1354,0
1355,0
1356,0
1357,0
1358,0
1359,0
1360,0
1361,1
1362,0
1363,1
1364,1
1365,0
1366,1
1367,0
1368,0
1369,1
1370,1
1371,1
1372,1
1373,1
1374,1
1375,1
1376,1
1377,1
1378,0
1379,1
1380,0
1381,1
1382,0
1383,1
1384,0
1385,1
1386,1
1387,1
1388,1
1389,0
1390,1
1391,0
1392,1
1393,0
1394,1
1395,1
1396,0
1397,1
1398,0
1399,0
1400,1
1401,1
1402,1
1403,1
1404,0
1405,0
1406,0
1407,1
1408,0
1409,1
1410,0
1411,1
1412,0
1413,1
1414,1
1415,0
1416,1
1417,0
1418,1
1419,1
1420,0
1421,1
1422,0
1423,0
1424,1
1425,1
1426,0
1427,1
1428,1
1429,0
1430,1
1431,0
1432,0
1433,1
1434,1
1435,0
1436,1
1437,0
1438,1
1439,0
1440,0
1441,1
1442,0
1443,0
1444,1
1445,0
1446,1
1447,1
1448,0
1449,0
1450,0
1451,1
1452,1
1453,0
1454,1
1455,0
1456,1
1457,0
1458,0
1459,1
1460,1
1461,0
1462,0
1463,0
1464,0
1465,0
1466,0
1467,0
1468,1
1469,0
1470,1
1471,1
1472,1
1473,0
1474,1
1475,0
1476,1
1477,1
1478,1
1479,0
1480,1
1481,1
1482,0
1483,1
1484,0
1485,0
1486,1
1487,1
1488,1
1489,0
1490,0
1491,0
1492,0
1493,0
1494,0
1495,1
1496,1
1497,1
1498,1
1499,1
1500,1
1501,1
1502,0
1503,0
1504,1
1505,1
1506,1
1507,0
1508,0
1509,1
1510,1
1511,0
1512,1
1513,1
1514,1
1515,1
1516,0
1517,0
1518,0
1519,1
1520,0
1521,0
1522,1
1523,1
1524,1
1525,1
1526,1
1527,0
1528,0
1529,0
1530,0
1531,0
1532,0
1533,0
1534,0
1535,0
1536,1
1537,0
1538,1
1539,1
1540,1
1541,1
1542,0
1543,0
1544,1
1545,0
1546,1
1547,0
1548,0
1549,0
1550,0
1551,1
1552,1
1553,1
1554,0
1555,0
1556,1
1557,1
1558,1
1559,0
1560,1
1561,0
1562,0
1563,0
1564,1
1565,1
1566,1
1567,1
1568,0
1569,1
1570,0
1571,1
1572,1
1573,0
1574,0
1575,1
1576,1
1577,0
1578,1
1579,0
1580,1
1581,1
1582,1
1583,1
1584,0
1585,0
1586,0
1587,1
1588,0
1589,1
1590,1
1591,1
1592,1
1593,1
1594,1
1595,1
1596,1
1597,0
1598,1
1599,0
1600,1
1601,1
1602,0
1603,0
1604,0
1605,1
1606,1
1607,0
1608,1
1609,1
1610,0
1611,0
1612,1
1613,0
1614,0
1615,0
1616,0
1617,1
1618,0
1619,1
1620,0
1621,1
1622,0
1623,1
1624,1
1625,1
1626,0
1627,1
1628,1
1629,0
1630,0
1631,0
1632,1
1633,0
1634,1
1635,0
1636,1
1637,0
1638,1
1639,1
1640,1
1641,1
1642,0
1643,1
1644,0
1645,1
1646,0
1647,0
1648,1
1649,0
1650,1
1651,1
1652,0
1653,1
1654,0
1655,1
1656,0
1657,1
1658,1
1659,1
1660,1
1661,0
1662,1
1663,1
1664,0
1665,0
1666,1
1667,0
1668,1
1669,0
1670,1
1671,1
1672,1
1673,1
1674,1
1675,1
1676,0
1677,1
1678,1
1679,0
1680,1
1681,1
1682,1
1683,1
1684,1
1685,1
1686,1
1687,1
1688,1
1689,1
1690,0
1691,0
1692,1
1693,0
1694,1
1695,0
1696,0
1697,1
1698,1
1699,1
1700,0
1701,1
1702,0
1703,0
1704,1
1705,1
1706,0
1707,0
1708,0
1709,0
1710,0
1711,0
1712,1
1713,0
1714,1
1715,1
1716,1
1717,1
1718,0
1719,1
1720,1
1721,0
1722,1
1723,0
1724,1
1725,1
1726,1
1727,1
1728,0
1729,0
1730,0
1731,1
1732,1
1733,1
1734,0
1735,1
1736,1
1737,1
1738,1
1739,1
1740,1
1741,1
1742,0
1743,0
1744,1
1745,0
1746,0
1747,0
1748,0
1749,0
1750,0
1751,1
1752,1
1753,0
1754,1
1755,0
1756,1
1757,0
1758,1
1759,0
1760,0
1761,1
1762,1
1763,0
1764,0
1765,0
1766,1
1767,0
1768,0
1769,0
1770,0
1771,1
1772,1
1773,0
1774,1
1775,1
1776,1
1777,0
1778,1
1779,1
1780,1
1781,1
1782,1
1783,1
1784,1
1785,0
1786,1
1787,1
1788,1
1789,1
1790,0
1791,1
1792,1
1793,0
1794,1
1795,0
1796,1
1797,1
1798,1
1799,1
1800,0
1801,1
1802,1
1803,1
1804,1
1805,1
1806,1
1807,1
1808,0
1809,0
1810,1
1811,0
1812,1
1813,0
1814,0
1815,1
1816,1
1817,1
1818,1
1819,0
1820,0
1821,1
1822,1
1823,1
1824,1
1825,1
1826,0
1827,1
1828,0
1829,1
1830,0
1831,1
1832,1
1833,0
1834,0
1835,1
1836,0
1837,0
1838,1
1839,0
1840,0
1841,0
1842,1
1843,1
1844,1
1845,1
1846,0
1847,0
1848,1
1849,0
1850,0
1851,1
1852,1
1853,1
1854,1
1855,1
1856,0
1857,1
1858,0
1859,1
1860,0
1861,0
1862,1
1863,1
1864,1
1865,1
1866,1
1867,0
1868,0
1869,0
1870,1
1871,1
1872,1
1873,0
1874,1
1875,1
1876,0
1877,1
1878,0
1879,0
1880,0
1881,0
1882,1
1883,1
1884,0
1885,0
1886,0
1887,0
1888,0
1889,1
1890,1
1891,1
1892,1
1893,0
1894,0
1895,0
1896,1
1897,0
1898,0
1899,0
1900,0
1901,1
1902,0
1903,0
1904,1
1905,1
1906,1
1907,1
1908,0
1909,1
1910,1
1911,0
1912,1
1913,0
1914,1
1915,1
1916,0
1917,1
1918,1
1919,0
1920,1
1921,1
1922,1
1923,1
1924,1
1925,1
1926,0
1927,1
1928,1
1929,0
1930,0
1931,1
1932,0
1933,1
1934,0
1935,1
1936,1
1937,1
1938,1
1939,1
1940,0
1941,0
1942,1
1943,1
1944,0
1945,1
1946,0
1947,0
1948,0
1949,0
1950,1
1951,1
1952,1
1953,1
1954,0
1955,1
1956,1
1957,1
1958,1
1959,1
1960,0
1961,1
1962,1
1963,1
1964,0
1965,1
1966,0
1967,1
1968,1
1969,0
1970,1
1971,1
1972,0
1973,1
1974,0
1975,1
1976,1
1977,1
1978,1
1979,0
1980,1
1981,1
1982,0
1983,0
1984,0
1985,1
1986,1
1987,1
1988,1
1989,1
1990,1
1991,1
1992,1
1993,0
1994,1
1995,1
1996,1
1997,0
1998,0
1999,1
2000,1
2001,1
2002,1
2003,1
2004,1
2005,0
2006,0
2007,1
2008,0
2009,1
2010,1
2011,0
2012,0
2013,1
2014,0
2015,1
2016,0
2017,1
2018,0
2019,1
2020,0
2021,1
2022,0
2023,0
2024,0
2025,1
2026,0
2027,0
2028,0
2029,1
2030,1
2031,1
2032,0
2033,0
2034,1
2035,0
2036,0
2037,0
2038,0
2039,1
2040,1
2041,0
2042,1
2043,1
2044,0
2045,1
2046,1
2047,1
2048,1
2049,0
2050,1
2051,1
2052,1
2053,1
2054,0
2055,0
2056,1
2057,1
2058,0
2059,0
2060,1
2061,1
2062,1
2063,1
2064,0
2065,0
2066,0
2067,0
2068,1
2069,0
2070,1
2071,0
2072,0
2073,0
2074,1
2075,1
2076,1
2077,0
2078,0
2079,1
2080,0
2081,0
2082,1
2083,1
2084,1
2085,1
2086,1
2087,0
2088,0
2089,1
2090,1
2091,0
2092,1
2093,0
2094,0
2095,0
2096,1
2097,0
2098,0
2099,1
2100,1
2101,1
2102,1
2103,1
2104,0
2105,1
2106,0
2107,1
2108,1
2109,1
2110,0
2111,0
2112,1
2113,0
2114,0
2115,0
2116,0
2117,0
2118,1
2119,1
2120,0
2121,0
2122,0
2123,0
2124,1
2125,0
2126,1
2127,0
2128,0
2129,1
2130,1
2131,0
2132,1
2133,1
2134,0
2135,0
2136,1
2137,1
2138,1
2139,1
2140,0
2141,0
2142,1
2143,0
2144,1
2145,0
2146,1
2147,0
2148,1
2149,0
2150,0
2151,1
2152,1
2153,1
2154,1
2155,1
2156,0
2157,0
2158,0
2159,1
2160,1
2161,1
2162,0
2163,1
2164,1
2165,0
2166,1
2167,0
2168,0
2169,0
2170,1
2171,0
2172,1
2173,0
2174,1
2175,1
2176,0
2177,1
2178,1
2179,0
2180,1
2181,0
2182,0
2183,0
2184,0
2185,1
2186,0
2187,0
2188,1
2189,1
2190,0
2191,0
2192,1
2193,1
2194,0
2195,1
2196,1
2197,1
2198,1
2199,1
2200,0
2201,0
2202,0
2203,1
2204,0
2205,1
2206,0
2207,0
2208,0
2209,0
2210,1
2211,0
2212,0
2213,0
2214,0
2215,1
2216,1
2217,1
2218,1
2219,0
2220,1
2221,1
2222,1
2223,1
2224,1
2225,1
2226,0
2227,0
2228,1
2229,0
2230,1
2231,1
2232,0
2233,1
2234,0
2235,0
2236,1
2237,1
2238,1
2239,0
2240,1
2241,0
2242,0
2243,0
2244,1
2245,1
2246,1
2247,1
2248,1
2249,0
2250,1
2251,0
2252,0
2253,1
2254,0
2255,1
2256,1
2257,0
2258,1
2259,1
2260,1
2261,0
2262,0
2263,1
2264,0
2265,0
2266,0
2267,1
2268,1
2269,1
2270,0
2271,0
2272,1
2273,1
2274,0
2275,0
2276,1
2277,1
2278,1
2279,1
2280,0
2281,0
2282,0
2283,0
2284,0
2285,0
2286,1
2287,0
2288,1
2289,1
2290,1
2291,1
2292,0
2293,1
2294,1
2295,1
2296,1
2297,1
2298,0
2299,0
2300,0
2301,0
2302,0
2303,0
2304,1
2305,1
2306,0
2307,0
2308,0
2309,1
2310,1
2311,1
2312,0
2313,0
2314,1
2315,1
2316,1
2317,0
2318,1
2319,0
2320,1
2321,0
2322,1
2323,1
2324,0
2325,1
2326,1
2327,1
2328,1
2329,0
2330,0
2331,0
2332,1
2333,1
2334,1
2335,0
2336,0
2337,0
2338,1
2339,1
2340,1
2341,1
2342,0
2343,0
2344,1
2345,1
2346,1
2347,0
2348,1
2349,1
2350,0
2351,1
2352,1
2353,1
2354,1
2355,1
2356,1
2357,0
2358,0
2359,1
2360,1
2361,0
2362,1
2363,1
2364,0
2365,0
2366,0
2367,1
2368,1
2369,1
2370,1
2371,0
2372,0
2373,0
2374,1
2375,0
2376,1
2377,1
2378,1
2379,1
2380,1
2381,1
2382,1
2383,0
2384,1
2385,1
2386,0
2387,1
2388,1
2389,0
2390,1
2391,1
2392,1
2393,1
2394,1
2395,1
2396,0
2397,0
2398,0
2399,0
2400,1
2401,1
2402,0
2403,0
2404,1
2405,1
2406,1
2407,1
2408,0
2409,0
2410,1
2411,1
2412,1
2413,0
2414,0
2415,1
2416,1
2417,1
2418,0
2419,1
2420,1
2421,1
2422,1
2423,1
2424,1
2425,1
2426,1
2427,0
2428,1
2429,1
2430,1
2431,0
2432,0
2433,1
2434,1
2435,0
2436,1
2437,0
2438,1
2439,1
2440,1
2441,0
2442,1
2443,0
2444,0
2445,0
2446,0
2447,1
2448,1
2449,0
2450,1
2451,1
2452,0
2453,0
2454,0
2455,0
2456,1
2457,0
2458,1
2459,0
2460,0
2461,0
2462,1
2463,1
2464,1
2465,0
2466,1
2467,0
2468,0
2469,0
2470,1
2471,1
2472,0
2473,1
2474,0
2475,0
2476,1
2477,0
2478,1
2479,0
2480,0
2481,1
2482,1
2483,1
2484,1
2485,1
2486,1
2487,1
2488,1
2489,0
2490,1
2491,0
2492,0
2493,1
2494,0
2495,1
2496,1
2497,0
2498,0
2499,1
2500,1
2501,0
2502,1
2503,1
2504,1
2505,1
2506,0
2507,1
2508,0
2509,0
2510,1
2511,0
2512,1
2513,1
2514,1
2515,1
2516,0
2517,0
2518,1
2519,0
2520,0
2521,0
2522,1
2523,1
2524,1
2525,1
2526,1
2527,1
2528,1
2529,1
2530,1
2531,0
2532,0
2533,0
2534,0
2535,1
2536,1
2537,1
2538,1
2539,1
2540,1
2541,0
2542,0
2543,0
2544,0
2545,0
2546,1
2547,0
2548,1
2549,0
2550,1
2551,0
2552,0
2553,1
2554,0
2555,1
2556,1
2557,1
2558,1
2559,0
2560,1
2561,0
2562,0
2563,1
2564,0
2565,1
2566,1
2567,1
2568,0
2569,1
2570,0
2571,1
2572,0
2573,0
2574,1
2575,1
2576,0
2577,0
2578,1
2579,1
2580,0
2581,0
2582,0
2583,1
2584,1
2585,1
2586,1
2587,1
2588,1
2589,0
2590,0
2591,0
2592,1
2593,1
2594,0
2595,0
2596,1
2597,1
2598,1
2599,0
2600,1
2601,1
2602,0
2603,0
2604,1
2605,1
2606,1
2607,1
2608,1
2609,1
2610,1
2611,1
2612,0
2613,1
2614,0
2615,1
2616,1
2617,1
2618,1
2619,1
2620,1
2621,0
2622,1
2623,1
2624,1
2625,0
2626,1
2627,0
2628,0
2629,1
2630,1
2631,1
2632,0
2633,0
2634,0
2635,0
2636,0
2637,1
2638,1
2639,1
2640,1
2641,1
2642,0
2643,0
2644,0
2645,1
2646,1
2647,1
2648,1
2649,1
2650,0
2651,0
2652,0
2653,1
2654,0
2655,1
2656,0
2657,0
2658,1
2659,0
2660,0
2661,1
2662,0
2663,0
2664,1
2665,1
2666,0
2667,0
2668,1
2669,1
2670,0
2671,1
2672,1
2673,1
2674,1
2675,1
2676,1
2677,0
2678,0
2679,0
2680,0
2681,1
2682,1
2683,1
2684,1
2685,1
2686,0
2687,1
2688,0
2689,0
2690,0
2691,0
2692,0
2693,1
2694,1
2695,0
2696,1
2697,1
2698,1
2699,0
2700,0
2701,1
2702,0
2703,1
2704,1
2705,0
2706,0
2707,1
2708,1
2709,0
2710,1
2711,0
2712,1
2713,1
2714,0
2715,0
2716,1
2717,0
2718,1
2719,0
2720,1
2721,0
2722,0
2723,0
2724,1
2725,1
2726,0
2727,0
2728,1
2729,0
2730,1
2731,1
2732,1
2733,1
2734,0
2735,0
2736,0
2737,1
2738,0
2739,1
2740,0
2741,1
2742,1
2743,1
2744,0
2745,1
2746,0
2747,1
2748,1
2749,1
2750,1
2751,1
2752,0
2753,1
2754,0
2755,1
2756,0
2757,0
2758,0
2759,1
2760,1
2761,1
2762,1
2763,0
2764,1
2765,1
2766,1
2767,0
2768,0
2769,1
2770,1
2771,0
2772,0
2773,1
2774,0
2775,1
2776,0
2777,1
2778,0
2779,0
2780,1
2781,0
2782,0
2783,0
2784,0
2785,1
2786,0
2787,0
2788,0
2789,0
2790,0
2791,0
2792,0
2793,1
2794,1
2795,1
2796,1
2797,1
2798,1
2799,0
2800,1
2801,1
2802,0
2803,1
2804,0
2805,0
2806,0
2807,1
2808,1
2809,0
2810,0
2811,0
2812,0
2813,1
2814,1
2815,1
2816,0
2817,1
2818,0
2819,1
2820,1
2821,0
2822,0
2823,0
2824,0
2825,1
2826,0
2827,0
2828,1
2829,0
2830,1
2831,0
2832,0
2833,1
2834,1
2835,1
2836,0
2837,1
2838,0
2839,1
2840,0
2841,1
2842,1
2843,1
2844,1
2845,0
2846,1
2847,0
2848,1
2849,0
2850,1
2851,1
2852,0
2853,0
2854,0
2855,0
2856,1
2857,1
2858,1
2859,0
2860,0
2861,1
2862,0
2863,0
2864,1
2865,1
2866,1
2867,0
2868,1
2869,0
2870,1
2871,0
2872,1
2873,1
2874,0
2875,0
2876,1
2877,1
2878,1
2879,0
2880,0
2881,0
2882,1
2883,0
2884,1
2885,1
2886,1
2887,1
2888,0
2889,1
2890,1
2891,0
2892,0
2893,1
2894,1
2895,0
2896,0
2897,0
2898,1
2899,1
2900,0
2901,1
2902,1
2903,0
2904,0
2905,1
2906,1
2907,0
2908,1
2909,0
2910,0
2911,1
2912,1
2913,1
2914,0
2915,1
2916,0
2917,1
2918,0
2919,0
2920,1
2921,0
2922,0
2923,0
2924,1
2925,1
2926,0
2927,1
2928,0
2929,1
2930,0
2931,1
2932,1
2933,1
2934,1
2935,1
2936,0
2937,0
2938,0
2939,0
2940,1
2941,1
2942,0
2943,1
2944,0
2945,0
2946,0
2947,1
2948,0
2949,1
2950,0
2951,0
2952,0
2953,0
2954,1
2955,0
2956,1
2957,0
2958,1
2959,0
2960,0
2961,0
2962,1
2963,1
2964,0
2965,0
2966,1
2967,1
2968,1
2969,1
2970,1
2971,0
2972,0
2973,0
2974,0
2975,1
2976,1
2977,1
2978,1
2979,0
2980,1
2981,0
2982,1
2983,1
2984,1
2985,0
2986,0
2987,1
2988,1
2989,0
2990,0
2991,0
2992,1
2993,1
2994,1
2995,1
2996,1
2997,0
2998,0
2999,1
3000,0
3001,0
3002,1
3003,1
3004,0
3005,0
3006,1
3007,1
3008,1
3009,1
3010,0
3011,1
3012,1
3013,1
3014,1
3015,1
3016,1
3017,1
3018,0
3019,0
3020,0
3021,0
3022,0
3023,0
3024,0
3025,1
3026,1
3027,0
3028,1
3029,1
3030,0
3031,0
3032,1
3033,1
3034,1
3035,1
3036,1
3037,0
3038,0
3039,0
3040,1
3041,0
3042,1
3043,1
3044,1
3045,0
3046,0
3047,0
3048,0
3049,1
3050,0
3051,1
3052,0
3053,0
3054,0
3055,0
3056,0
3057,1
3058,1
3059,0
3060,0
3061,0
3062,1
3063,0
3064,0
3065,0
3066,1
3067,1
3068,0
3069,1
3070,1
3071,0
3072,0
3073,1
3074,1
3075,1
3076,0
3077,1
3078,0
3079,0
3080,0
3081,0
3082,1
3083,0
3084,0
3085,1
3086,1
3087,1
3088,1
3089,0
3090,1
3091,1
3092,0
3093,1
3094,1
3095,1
3096,0
3097,1
3098,1
3099,0
3100,0
3101,1
3102,1
3103,0
3104,1
3105,0
3106,0
3107,1
3108,0
3109,1
3110,1
3111,0
3112,0
3113,0
3114,1
3115,1
3116,1
3117,1
3118,1
3119,1
3120,0
3121,0
3122,0
3123,1
3124,1
3125,1
3126,1
3127,1
3128,1
3129,1
3130,1
3131,0
3132,0
3133,0
3134,0
3135,0
3136,1
3137,1
3138,1
3139,1
3140,1
3141,0
3142,0
3143,0
3144,1
3145,1
3146,0
3147,1
3148,1
3149,1
3150,1
3151,1
3152,1
3153,1
3154,1
3155,1
3156,0
3157,1
3158,1
3159,0
3160,1
3161,1
3162,0
3163,0
3164,1
3165,1
3166,1
3167,0
3168,0
3169,0
3170,0
3171,1
3172,0
3173,0
3174,0
3175,0
3176,1
3177,0
3178,0
3179,0
3180,1
3181,0
3182,1
3183,1
3184,1
3185,1
3186,1
3187,0
3188,1
3189,1
3190,0
3191,1
3192,0
3193,0
3194,0
3195,0
3196,1
3197,0
3198,1
3199,1
3200,1
3201,1
3202,0
3203,1
3204,1
3205,0
3206,1
3207,1
3208,0
3209,1
3210,1
3211,1
3212,1
3213,0
3214,1
3215,1
3216,0
3217,1
3218,0
3219,0
3220,1
3221,1
3222,0
3223,1
3224,1
3225,0
3226,1
3227,1
3228,1
3229,1
3230,1
3231,0
3232,0
3233,0
3234,1
3235,1
3236,1
3237,0
3238,1
3239,1
3240,1
3241,1
3242,0
3243,0
3244,1
3245,1
3246,0
3247,1
3248,1
3249,1
3250,0
3251,0
3252,1
3253,0
3254,0
3255,0
3256,1
3257,1
3258,0
3259,0
3260,0
3261,0
3262,1
3263,1
3264,1
3265,1
3266,1
3267,1
3268,0
3269,1
3270,1
3271,0
3272,0
3273,0
3274,0
3275,1
3276,1
3277,1
3278,0
3279,1
3280,1
3281,0
3282,0
3283,0
3284,0
3285,1
3286,0
3287,1
3288,1
3289,0
3290,0
3291,1
3292,1
3293,1
3294,1
3295,1
3296,1
3297,0
3298,0
3299,0
3300,1
3301,0
3302,1
3303,0
3304,0
3305,1
3306,1
3307,0
3308,0
3309,0
3310,1
3311,0
3312,0
3313,0
3314,1
3315,1
3316,0
3317,1
3318,1
3319,0
3320,0
3321,1
3322,1
3323,1
3324,1
3325,0
3326,0
3327,0
3328,0
3329,1
3330,1
3331,1
3332,1
3333,1
3334,1
3335,1
3336,1
3337,0
3338,0
3339,0
3340,0
3341,1
3342,1
3343,0
3344,1
3345,1
3346,1
3347,0
3348,1
3349,1
3350,0
3351,0
3352,1
3353,0
3354,1
3355,0
3356,0
3357,1
3358,1
3359,1
3360,0
3361,0
3362,0
3363,0
3364,0
3365,1
3366,0
3367,0
3368,0
3369,0
3370,1
3371,0
3372,0
3373,1
3374,1
3375,1
3376,1
3377,0
3378,0
3379,0
3380,1
3381,1
3382,0
3383,1
3384,0
3385,1
3386,1
3387,1
3388,1
3389,0
3390,1
3391,1
3392,1
3393,0
3394,1
3395,1
3396,0
3397,0
3398,0
3399,0
3400,1
3401,0
3402,0
3403,0
3404,0
3405,1
3406,1
3407,0
3408,0
3409,1
3410,0
3411,0
3412,1
3413,1
3414,0
3415,0
3416,1
3417,1
3418,0
3419,0
3420,0
3421,1
3422,1
3423,0
3424,0
3425,1
3426,0
3427,0
3428,1
3429,0
3430,1
3431,1
3432,0
3433,1
3434,0
3435,0
3436,1
3437,1
3438,0
3439,0
3440,1
3441,0
3442,0
3443,0
3444,1
3445,1
3446,0
3447,0
3448,0
3449,1
3450,1
3451,0
3452,0
3453,1
3454,0
3455,0
3456,0
3457,0
3458,0
3459,1
3460,0
3461,1
3462,1
3463,1
3464,1
3465,0
3466,1
3467,1
3468,1
3469,1
3470,0
3471,1
3472,0
3473,1
3474,0
3475,0
3476,1
3477,0
3478,0
3479,0
3480,1
3481,1
3482,0
3483,0
3484,1
3485,0
3486,1
3487,1
3488,0
3489,0
3490,1
3491,0
3492,1
3493,0
3494,1
3495,0
3496,0
3497,1
3498,0
3499,1
3500,0
3501,1
3502,1
3503,1
3504,1
3505,0
3506,0
3507,1
3508,1
3509,0
3510,0
3511,1
3512,1
3513,1
3514,0
3515,1
3516,1
3517,0
3518,1
3519,1
3520,0
3521,0
3522,0
3523,1
3524,1
3525,0
3526,0
3527,1
3528,0
3529,1
3530,0
3531,0
3532,0
3533,1
3534,1
3535,0
3536,1
3537,0
3538,1
3539,0
3540,0
3541,1
3542,1
3543,1
3544,0
3545,1
3546,1
3547,1
3548,0
3549,1
3550,0
3551,1
3552,0
3553,1
3554,0
3555,1
3556,0
3557,0
3558,0
3559,0
3560,1
3561,1
3562,1
3563,0
3564,0
3565,0
3566,0
3567,0
3568,0
3569,1
3570,1
3571,0
3572,1
3573,1
3574,1
3575,1
3576,1
3577,1
3578,1
3579,0
3580,0
3581,0
3582,0
3583,0
3584,1
3585,0
3586,1
3587,1
3588,1
3589,0
3590,0
3591,1
3592,1
3593,1
3594,0
3595,1
3596,1
3597,0
3598,0
3599,1
3600,1
3601,1
3602,0
3603,1
3604,0
3605,1
3606,0
3607,1
3608,1
3609,0
3610,1
3611,1
3612,0
3613,1
3614,0
3615,0
3616,1
3617,1
3618,0
3619,1
3620,1
3621,1
3622,1
3623,1
3624,1
3625,1
3626,1
3627,1
3628,0
3629,1
3630,1
3631,0
3632,0
3633,0
3634,0
3635,1
3636,0
3637,1
3638,0
3639,0
3640,0
3641,1
3642,0
3643,1
3644,1
3645,1
3646,0
3647,0
3648,1
3649,0
3650,0
3651,1
3652,1
3653,1
3654,1
3655,0
3656,0
3657,1
3658,1
3659,0
3660,1
3661,1
3662,0
3663,0
3664,1
3665,1
3666,0
3667,1
3668,0
3669,1
3670,0
3671,1
3672,0
3673,1
3674,1
3675,0
3676,0
3677,1
3678,1
3679,1
3680,0
3681,0
3682,1
3683,1
3684,0
3685,0
3686,1
3687,0
3688,1
3689,0
3690,1
3691,0
3692,0
3693,1
3694,1
3695,1
3696,0
3697,1
3698,0
3699,1
3700,0
3701,1
3702,1
3703,1
3704,1
3705,1
3706,1
3707,0
3708,0
3709,1
3710,1
3711,1
3712,1
3713,1
3714,1
3715,1
3716,1
3717,1
3718,0
3719,1
3720,0
3721,0
3722,0
3723,0
3724,0
3725,0
3726,0
3727,0
3728,1
3729,0
3730,0
3731,0
3732,1
3733,1
3734,1
3735,0
3736,1
3737,1
3738,0
3739,1
3740,1
3741,0
3742,1
3743,1
3744,1
3745,1
3746,0
3747,0
3748,1
3749,1
3750,0
3751,0
3752,1
3753,0
3754,1
3755,1
3756,0
3757,0
3758,1
3759,1
3760,0
3761,1
3762,0
3763,0
3764,0
3765,0
3766,0
3767,1
3768,1
3769,0
3770,0
3771,1
3772,0
3773,0
3774,0
3775,1
3776,1
3777,1
3778,1
3779,1
3780,0
3781,1
3782,0
3783,0
3784,0
3785,0
3786,0
3787,1
3788,0
3789,1
3790,1
3791,0
3792,1
3793,0
3794,1
3795,1
3796,0
3797,0
3798,1
3799,0
3800,1
3801,0
3802,0
3803,1
3804,0
3805,1
3806,1
3807,1
3808,1
3809,1
3810,1
3811,1
3812,0
3813,0
3814,1
3815,0
3816,0
3817,0
3818,1
3819,1
3820,1
3821,1
3822,1
3823,0
3824,0
3825,1
3826,1
3827,0
3828,0
3829,1
3830,1
3831,0
3832,0
3833,0
3834,1
3835,0
3836,0
3837,0
3838,0
3839,1
3840,1
3841,0
3842,1
3843,1
3844,0
3845,0
3846,1
3847,1
3848,1
3849,1
3850,1
3851,1
3852,0
3853,0
3854,1
3855,0
3856,0
3857,1
3858,0
3859,0
3860,1
3861,1
3862,1
3863,0
3864,0
3865,0
3866,0
3867,1
3868,1
3869,1
3870,0
3871,1
3872,0
3873,1
3874,1
3875,0
3876,0
3877,0
3878,0
3879,1
3880,1
3881,1
3882,1
3883,0
3884,0
3885,0
3886,0
3887,1
3888,0
3889,0
3890,0
3891,0
3892,0
3893,0
3894,1
3895,0
3896,1
3897,0
3898,1
3899,1
3900,0
3901,0
3902,1
3903,0
3904,0
3905,1
3906,1
3907,0
3908,1
3909,1
3910,1
3911,1
3912,0
3913,0
3914,0
3915,1
3916,1
3917,0
3918,0
3919,0
3920,0
3921,1
3922,1
3923,1
3924,0
3925,1
3926,1
3927,0
3928,1
3929,0
3930,0
3931,1
3932,0
3933,1
3934,1
3935,1
3936,0
3937,1
3938,1
3939,0
3940,1
3941,0
3942,1
3943,1
3944,1
3945,1
3946,1
3947,1
3948,1
3949,1
3950,1
3951,1
3952,0
3953,0
3954,0
3955,1
3956,1
3957,1
3958,0
3959,1
3960,0
3961,0
3962,1
3963,1
3964,1
3965,0
3966,1
3967,0
3968,1
3969,0
3970,1
3971,0
3972,1
3973,1
3974,1
3975,0
3976,1
3977,1
3978,0
3979,1
3980,1
3981,0
3982,1
3983,0
3984,1
3985,1
3986,1
3987,1
3988,1
3989,1
3990,0
3991,0
3992,1
3993,1
3994,1
3995,0
3996,0
3997,1
3998,1
3999,1
4000,0
4001,0
4002,1
4003,1
4004,0
4005,1
4006,1
4007,1
4008,1
4009,1
4010,0
4011,0
4012,1
4013,0
4014,1
4015,0
4016,1
4017,0
4018,1
4019,0
4020,1
4021,1
4022,0
4023,1
4024,1
4025,1
4026,1
4027,1
4028,0
4029,0
4030,1
4031,1
4032,0
4033,0
4034,1
4035,1
4036,1
4037,1
4038,1
4039,1
4040,1
4041,0
4042,1
4043,1
4044,1
4045,1
4046,0
4047,1
4048,1
4049,1
4050,1
4051,1
4052,1
4053,0
4054,0
4055,1
4056,0
4057,0
4058,1
4059,1
4060,1
4061,0
4062,1
4063,1
4064,0
4065,1
4066,0
4067,1
4068,0
4069,0
4070,0
4071,0
4072,1
4073,1
4074,1
4075,1
4076,1
4077,0
4078,0
4079,0
4080,1
4081,1
4082,1
4083,1
4084,1
4085,1
4086,0
4087,0
4088,1
4089,1
4090,1
4091,0
4092,0
4093,0
4094,0
4095,1
4096,0
4097,1
4098,0
4099,0
4100,1
4101,1
4102,1
4103,1
4104,1
4105,1
4106,0
4107,1
4108,0
4109,1
4110,0
4111,1
4112,0
4113,0
4114,1
4115,0
4116,1
4117,0
4118,1
4119,1
4120,1
4121,1
4122,0
4123,1
4124,0
4125,1
4126,1
4127,1
4128,0
4129,0
4130,1
4131,0
4132,0
4133,0
4134,0
4135,0
4136,0
4137,0
4138,1
4139,1
4140,1
4141,1
4142,1
4143,0
4144,1
4145,1
4146,1
4147,1
4148,1
4149,1
4150,1
4151,0
4152,1
4153,1
4154,0
4155,0
4156,1
4157,0
4158,1
4159,1
4160,0
4161,0
4162,1
4163,0
4164,1
4165,1
4166,0
4167,1
4168,1
4169,1
4170,1
4171,1
4172,0
4173,1
4174,1
4175,1
4176,0
4177,1
4178,1
4179,0
4180,1
4181,1
4182,1
4183,0
4184,0
4185,0
4186,0
4187,1
4188,1
4189,0
4190,1
4191,1
4192,1
4193,0
4194,0
4195,0
4196,0
4197,0
4198,1
4199,1
4200,1
4201,0
4202,1
4203,1
4204,1
4205,0
4206,1
4207,0
4208,1
4209,0
4210,1
4211,1
4212,1
4213,1
4214,0
4215,1
4216,0
4217,1
4218,1
4219,0
4220,1
4221,1
4222,0
4223,1
4224,0
4225,1
4226,1
4227,0
4228,1
4229,0
4230,1
4231,0
4232,1
4233,0
4234,0
4235,0
4236,0
4237,1
4238,1
4239,0
4240,1
4241,1
4242,0
4243,0
4244,0
4245,1
4246,1
4247,1
4248,0
4249,1
4250,1
4251,1
4252,1
4253,0
4254,0
4255,0
4256,1
4257,1
4258,1
4259,0
4260,1
4261,1
4262,0
4263,0
4264,0
4265,1
4266,1
4267,1
4268,1
4269,0
4270,0
4271,0
4272,0
4273,0
4274,1
4275,1
4276,1
4277,1
4278,0
4279,0
4280,1
4281,0
4282,1
4283,0
4284,1
4285,1
4286,0
4287,0
4288,0
4289,1
4290,0
4291,1
4292,1
4293,0
4294,0
4295,0
4296,1
4297,1
4298,1
4299,1
4300,1
4301,0
4302,0
4303,1
4304,0
4305,1
4306,0
4307,0
4308,0
4309,1
4310,1
4311,0
4312,1
4313,1
4314,1
4315,1
4316,0
4317,0
4318,1
4319,0
4320,1
4321,0
4322,0
4323,1
4324,0
4325,0
4326,0
4327,1
4328,1
4329,1
4330,1
4331,0
4332,0
4333,1
4334,1
4335,1
4336,0
4337,0
4338,0
4339,0
4340,1
4341,1
4342,1
4343,1
4344,0
4345,0
4346,0
4347,1
4348,1
4349,1
4350,1
4351,1
4352,0
4353,1
4354,1
4355,0
4356,1
4357,0
4358,0
4359,1
4360,1
4361,0
4362,0
4363,0
4364,1
4365,0
4366,0
4367,0
4368,0
4369,0
4370,1
4371,1
4372,1
4373,1
4374,1
4375,0
4376,1
4377,1
4378,0
4379,1
4380,1
4381,0
4382,0
4383,0
4384,0
4385,0
4386,0
4387,1
4388,1
4389,0
4390,0
4391,1
4392,0
4393,1
4394,0
4395,0
4396,1
4397,1
4398,1
4399,1
4400,1
4401,0
4402,0
4403,1
4404,1
4405,1
4406,0
4407,1
4408,0
4409,1
4410,1
4411,1
4412,1
4413,1
4414,1
4415,1
4416,0
4417,0
4418,1
4419,1
4420,0
4421,1
4422,1
4423,0
4424,1
4425,1
4426,0
4427,1
4428,1
4429,0
4430,1
4431,1
4432,1
4433,0
4434,1
4435,1
4436,1
4437,0
4438,0
4439,1
4440,0
4441,0
4442,0
4443,1
4444,0
4445,0
4446,1
4447,1
4448,1
4449,1
4450,1
4451,1
4452,1
4453,1
4454,0
4455,0
4456,0
4457,1
4458,0
4459,1
4460,1
4461,1
4462,1
4463,0
4464,0
4465,0
4466,1
4467,1
4468,1
4469,0
4470,1
4471,1
4472,0
4473,0
4474,0
4475,1
4476,0
4477,0
4478,0
4479,1
4480,0
4481,1
4482,1
4483,1
4484,1
4485,0
4486,0
4487,0
4488,1
4489,0
4490,1
4491,1
4492,0
4493,0
4494,1
4495,1
4496,1
4497,1
4498,1
4499,1
4500,0
4501,0
4502,1
4503,1
4504,1
4505,1
4506,0
4507,1
4508,1
4509,0
4510,0
4511,0
4512,0
4513,0
4514,1
4515,0
4516,0
4517,1
4518,1
4519,0
4520,0
4521,1
4522,1
4523,0
4524,1
4525,1
4526,1
4527,0
4528,0
4529,0
4530,1
4531,1
4532,0
4533,0
4534,1
4535,1
4536,0
4537,0
4538,0
4539,0
4540,0
4541,1
4542,0
4543,1
4544,0
4545,0
4546,0
4547,1
4548,1
4549,1
4550,1
4551,1
4552,0
4553,0
4554,0
4555,0
4556,1
4557,1
4558,1
4559,1
4560,1
4561,0
4562,0
4563,1
4564,0
4565,1
4566,0
4567,1
4568,1
4569,1
4570,1
4571,0
4572,0
4573,0
4574,0
4575,1
4576,1
4577,0
4578,1
4579,0
4580,0
4581,1
4582,1
4583,0
4584,1
4585,1
4586,0
4587,1
4588,1
4589,0
4590,1
4591,0
4592,0
4593,1
4594,1
4595,0
4596,0
4597,1
4598,0
4599,0
4600,1
4601,1
4602,1
4603,1
4604,1
4605,1
4606,1
4607,0
4608,1
4609,1
4610,0
4611,0
4612,1
4613,0
4614,1
4615,1
4616,1
4617,1
4618,0
4619,1
4620,0
4621,1
4622,1
4623,1
4624,0
4625,1
4626,1
4627,1
4628,0
4629,0
4630,0
4631,0
4632,1
4633,0
4634,1
4635,1
4636,0
4637,1
4638,1
4639,0
4640,0
4641,1
4642,0
4643,0
4644,0
4645,0
4646,1
4647,0
4648,0
4649,1
4650,1
4651,0
4652,1
4653,0
4654,0
4655,1
4656,1
4657,1
4658,0
4659,1
4660,0
4661,0
4662,0
4663,1
4664,0
4665,0
4666,1
4667,0
4668,1
4669,1
4670,0
4671,1
4672,0
4673,0
4674,1
4675,0
4676,0
4677,1
4678,0
4679,0
4680,1
4681,1
4682,1
4683,0
4684,0
4685,1
4686,1
4687,0
4688,1
4689,0
4690,1
4691,1
4692,0
4693,1
4694,1
4695,1
4696,1
4697,1
4698,0
4699,1
4700,1
4701,0
4702,0
4703,1
4704,1
4705,1
4706,1
4707,0
4708,1
4709,0
4710,0
4711,1
4712,1
4713,0
4714,1
4715,0
4716,0
4717,0
4718,1
4719,1
4720,1
4721,0
4722,1
4723,1
4724,1
4725,1
4726,1
4727,0
4728,1
4729,1
4730,0
4731,1
4732,0
4733,1
4734,1
4735,0
4736,1
4737,0
4738,1
4739,1
4740,0
4741,0
4742,1
4743,0
4744,0
4745,1
4746,1
4747,1
4748,1
4749,0
4750,1
4751,1
4752,1
4753,0
4754,0
4755,1
4756,0
4757,1
4758,0
4759,0
4760,1
4761,0
4762,1
4763,0
4764,1
4765,1
4766,1
4767,1
4768,1
4769,1
4770,1
4771,0
4772,1
4773,0
4774,1
4775,1
4776,0
4777,0
4778,1
4779,1
4780,0
4781,1
4782,0
4783,1
4784,1
4785,1
4786,1
4787,1
4788,0
4789,0
4790,1
4791,1
4792,1
4793,1
4794,1
4795,0
4796,0
4797,0
4798,0
4799,1
4800,1
4801,0
4802,1
4803,1
4804,0
4805,1
4806,1
4807,0
4808,1
4809,0
4810,1
4811,0
4812,1
4813,1
4814,0
4815,1
4816,1
4817,1
4818,1
4819,1
4820,0
4821,0
4822,1
4823,1
4824,0
4825,1
4826,0
4827,1
4828,1
4829,1
4830,0
4831,1
4832,1
4833,0
4834,0
4835,0
4836,1
4837,0
4838,1
4839,1
4840,1
4841,0
4842,1
4843,1
4844,0
4845,1
4846,1
4847,1
4848,1
4849,1
4850,0
4851,1
4852,1
4853,0
4854,0
4855,1
4856,1
4857,1
4858,1
4859,1
4860,0
4861,1
4862,1
4863,1
4864,0
4865,1
4866,1
4867,0
4868,0
4869,1
4870,0
4871,0
4872,0
4873,0
4874,0
4875,1
4876,1
4877,0
4878,0
4879,0
4880,0
4881,0
4882,0
4883,1
4884,1
4885,1
4886,1
4887,1
4888,0
4889,1
4890,1
4891,1
4892,1
4893,0
4894,1
4895,1
4896,0
4897,0
4898,0
4899,1
4900,0
4901,1
4902,0
4903,1
4904,0
4905,0
4906,0
4907,1
4908,0
4909,0
4910,0
4911,0
4912,0
4913,0
4914,1
4915,1
4916,1
4917,0
4918,1
4919,0
4920,1
4921,0
4922,0
4923,1
4924,0
4925,1
4926,1
4927,1
4928,0
4929,1
4930,1
4931,1
4932,1
4933,1
4934,0
4935,0
4936,0
4937,0
4938,1
4939,0
4940,0
4941,1
4942,0
4943,0
4944,1
4945,1
4946,1
4947,1
4948,0
4949,1
4950,1
4951,0
4952,0
4953,0
4954,0
4955,0
4956,1
4957,0
4958,0
4959,1
4960,1
4961,1
4962,1
4963,0
4964,0
4965,0
4966,1
4967,1
4968,0
4969,0
4970,0
4971,0
4972,1
4973,0
4974,1
4975,0
4976,1
4977,0
4978,0
4979,1
4980,0
4981,1
4982,0
4983,1
4984,1
4985,0
4986,0
4987,1
4988,0
4989,0
4990,0
4991,1
4992,0
4993,1
4994,1
4995,0
4996,1
4997,1
4998,1
4999,1
5000,1
5001,1
5002,1
5003,1
5004,1
5005,0
5006,1
5007,0
5008,0
5009,0
5010,1
5011,0
5012,1
5013,1
5014,1
5015,0
5016,1
5017,0
5018,0
5019,0
5020,1
5021,1
5022,1
5023,1
5024,0
5025,1
5026,0
5027,1
5028,0
5029,0
5030,1
5031,1
5032,1
5033,1
5034,1
5035,0
5036,1
5037,1
5038,1
5039,1
5040,1
5041,1
5042,1
5043,0
5044,0
5045,1
5046,1
5047,1
5048,1
5049,0
5050,0
5051,1
5052,1
5053,0
5054,1
5055,1
5056,0
5057,1
5058,1
5059,0
5060,1
5061,1
5062,0
5063,1
5064,1
5065,0
5066,1
5067,1
5068,0
5069,0
5070,1
5071,1
5072,1
5073,1
5074,1
5075,1
5076,0
5077,0
5078,1
5079,1
5080,0
5081,0
5082,1
5083,0
5084,1
5085,1
5086,1
5087,1
5088,1
5089,0
5090,0
5091,1
5092,1
5093,1
5094,0
5095,0
5096,0
5097,1
5098,0
5099,1
5100,1
5101,1
5102,0
5103,0
5104,0
5105,1
5106,0
5107,1
5108,1
5109,1
5110,1
5111,0
5112,1
5113,0
5114,0
5115,0
5116,1
5117,1
5118,0
5119,0
5120,1
5121,1
5122,1
5123,1
5124,0
5125,1
5126,1
5127,1
5128,0
5129,0
5130,0
5131,1
5132,1
5133,1
5134,1
5135,0
5136,1
5137,0
5138,1
5139,1
5140,0
5141,0
5142,0
5143,1
5144,1
5145,0
5146,1
5147,1
5148,1
5149,0
5150,1
5151,1
5152,1
5153,1
5154,0
5155,1
5156,1
5157,1
5158,0
5159,0
5160,1
5161,0
5162,1
5163,1
5164,0
5165,1
5166,1
5167,1
5168,0
5169,1
5170,1
5171,1
5172,1
5173,0
5174,1
5175,1
5176,1
5177,1
5178,1
5179,1
5180,1
5181,1
5182,0
5183,0
5184,1
5185,1
5186,0
5187,0
5188,1
5189,1
5190,1
5191,0
5192,0
5193,1
5194,0
5195,0
5196,1
5197,0
5198,0
5199,0
5200,1
5201,0
5202,0
5203,1
5204,1
5205,1
5206,0
5207,0
5208,0
5209,0
5210,0
5211,0
5212,1
5213,0
5214,1
5215,0
5216,1
5217,0
5218,1
5219,1
5220,1
5221,1
5222,0
5223,1
5224,1
5225,0
5226,1
5227,1
5228,0
5229,0
5230,0
5231,0
5232,0
5233,1
5234,1
5235,1
5236,0
5237,0
5238,0
5239,0
5240,0
5241,1
5242,1
5243,1
5244,1
5245,1
5246,0
5247,0
5248,1
5249,0
5250,1
5251,0
5252,1
5253,0
5254,1
5255,1
5256,0
5257,1
5258,1
5259,0
5260,0
5261,1
5262,0
5263,1
5264,1
5265,1
5266,1
5267,0
5268,1
5269,0
5270,1
5271,1
5272,1
5273,1
5274,0
5275,0
5276,0
5277,1
5278,0
5279,1
5280,0
5281,0
5282,1
5283,1
5284,1
5285,1
5286,1
5287,1
5288,0
5289,0
5290,0
5291,0
5292,0
5293,0
5294,1
5295,1
5296,0
5297,1
5298,1
5299,1
5300,1
5301,0
5302,1
5303,0
5304,1
5305,0
5306,1
5307,1
5308,0
5309,0
5310,1
5311,1
5312,1
5313,0
5314,1
5315,1
5316,1
5317,0
5318,0
5319,1
5320,1
5321,1
5322,0
5323,1
5324,0
5325,1
5326,1
5327,0
5328,1
5329,1
5330,1
5331,1
5332,0
5333,0
5334,1
5335,1
5336,0
5337,0
5338,0
5339,0
5340,1
5341,1
5342,0
5343,1
5344,0
5345,1
5346,0
5347,0
5348,1
5349,0
5350,1
5351,1
5352,1
5353,1
5354,1
5355,1
5356,1
5357,1
5358,0
5359,1
5360,1
5361,0
5362,1
5363,1
5364,0
5365,1
5366,1
5367,1
5368,1
5369,0
5370,0
5371,0
5372,0
5373,0
5374,1
5375,1
5376,1
5377,1
5378,1
5379,1
5380,0
5381,0
5382,1
5383,1
5384,1
5385,1
5386,1
5387,0
5388,1
5389,0
5390,1
5391,1
5392,1
5393,1
5394,0
5395,1
5396,1
5397,1
5398,1
5399,1
5400,1
5401,1
5402,1
5403,0
5404,0
5405,1
5406,0
5407,1
5408,1
5409,1
5410,1
5411,1
5412,1
5413,0
5414,0
5415,1
5416,1
5417,1
5418,0
5419,1
5420,1
5421,0
5422,1
5423,1
5424,0
5425,1
5426,0
5427,0
5428,1
5429,1
5430,1
5431,0
5432,0
5433,0
5434,1
5435,1
5436,0
5437,1
5438,1
5439,1
5440,0
5441,0
5442,1
5443,0
5444,0
5445,1
5446,1
5447,0
5448,1
5449,1
5450,0
5451,1
5452,0
5453,1
5454,1
5455,1
5456,1
5457,1
5458,0
5459,1
5460,1
5461,0
5462,1
5463,0
5464,1
5465,0
5466,0
5467,1
5468,1
5469,1
5470,0
5471,0
5472,0
5473,0
5474,1
5475,0
5476,0
5477,1
5478,1
5479,1
5480,0
5481,1
5482,0
5483,1
5484,0
5485,1
5486,1
5487,0
5488,0
5489,0
5490,1
5491,1
5492,0
5493,0
5494,0
5495,0
5496,1
5497,1
5498,1
5499,1
5500,0
5501,1
5502,1
5503,0
5504,1
5505,1
5506,1
5507,0
5508,0
5509,0
5510,0
5511,1
5512,0
5513,1
5514,1
5515,1
5516,0
5517,0
5518,1
5519,1
5520,1
5521,1
5522,1
5523,1
5524,1
5525,0
5526,0
5527,0
5528,1
5529,1
5530,0
5531,1
5532,1
5533,1
5534,0
5535,0
5536,1
5537,1
5538,1
5539,1
5540,0
5541,1
5542,0
5543,1
5544,1
5545,0
5546,0
5547,1
5548,1
5549,1
5550,1
5551,1
5552,1
5553,0
5554,0
5555,1
5556,1
5557,1
5558,0
5559,1
5560,0
5561,1
5562,0
5563,1
5564,1
5565,1
5566,1
5567,0
5568,1
5569,0
5570,1
5571,0
5572,1
5573,0
5574,0
5575,0
5576,1
5577,1
5578,1
5579,1
5580,0
5581,0
5582,0
5583,1
5584,1
5585,1
5586,1
5587,1
5588,1
5589,1
5590,1
5591,1
5592,0
5593,0
5594,1
5595,1
5596,1
5597,1
5598,1
5599,0
5600,0
5601,1
5602,1
5603,1
5604,1
5605,0
5606,1
5607,0
5608,0
5609,0
5610,0
5611,1
5612,1
5613,0
5614,0
5615,0
5616,1
5617,1
5618,0
5619,1
5620,0
5621,1
5622,0
5623,1
5624,1
5625,0
5626,1
5627,0
5628,1
5629,1
5630,0
5631,1
5632,0
5633,1
5634,1
5635,0
5636,1
5637,1
5638,0
5639,1
5640,1
5641,0
5642,0
5643,0
5644,0
5645,1
5646,1
5647,0
5648,1
5649,0
5650,1
5651,0
5652,1
5653,1
5654,1
5655,0
5656,0
5657,0
5658,0
5659,0
5660,1
5661,1
5662,0
5663,1
5664,1
5665,1
5666,1
5667,0
5668,1
5669,0
5670,0
5671,0
5672,1
5673,1
5674,0
5675,0
5676,1
5677,1
5678,1
5679,1
5680,1
5681,1
5682,1
5683,1
5684,1
5685,0
5686,1
5687,1
5688,1
5689,0
5690,1
5691,1
5692,1
5693,1
5694,1
5695,1
5696,1
5697,1
5698,1
5699,0
5700,1
5701,1
5702,1
5703,1
5704,1
5705,0
5706,0
5707,1
5708,0
5709,0
5710,0
5711,1
5712,1
5713,0
5714,1
5715,1
5716,0
5717,0
5718,1
5719,0
5720,1
5721,0
5722,1
5723,1
5724,0
5725,1
5726,1
5727,0
5728,0
5729,0
5730,0
5731,1
5732,0
5733,1
5734,1
5735,1
5736,1
5737,0
5738,1
5739,1
5740,1
5741,1
5742,0
5743,1
5744,0
5745,0
5746,0
5747,0
5748,0
5749,1
5750,0
5751,1
5752,0
5753,0
5754,1
5755,0
5756,1
5757,1
5758,1
5759,1
5760,1
5761,1
5762,0
5763,0
5764,0
5765,0
5766,1
5767,0
5768,0
5769,1
5770,0
5771,0
5772,0
5773,0
5774,1
5775,0
5776,0
5777,1
5778,0
5779,1
5780,1
5781,1
5782,1
5783,1
5784,0
5785,0
5786,0
5787,1
5788,0
5789,0
5790,1
5791,1
5792,1
5793,1
5794,0
5795,0
5796,1
5797,1
5798,0
5799,0
5800,1
5801,1
5802,0
5803,0
5804,1
5805,1
5806,0
5807,1
5808,1
5809,1
5810,0
5811,0
5812,0
5813,0
5814,0
5815,1
5816,0
5817,1
5818,1
5819,1
5820,1
5821,0
5822,0
5823,1
5824,1
5825,1
5826,1
5827,0
5828,1
5829,1
5830,1
5831,1
5832,1
5833,1
5834,1
5835,1
5836,1
5837,1
5838,1
5839,1
5840,1
5841,0
5842,1
5843,0
5844,1
5845,1
5846,0
5847,0
5848,1
5849,0
5850,1
5851,0
5852,1
5853,0
5854,0
5855,1
5856,0
5857,0
5858,1
5859,0
5860,0
5861,0
5862,0
5863,0
5864,0
5865,0
5866,1
5867,1
5868,1
5869,1
5870,0
5871,1
5872,1
5873,1
5874,1
5875,1
5876,1
5877,0
5878,1
5879,1
5880,1
5881,1
5882,0
5883,1
5884,0
5885,1
5886,0
5887,0
5888,1
5889,0
5890,1
5891,0
5892,0
5893,1
5894,1
5895,0
5896,0
5897,1
5898,1
5899,0
5900,1
5901,1
5902,1
5903,0
5904,1
5905,1
5906,0
5907,1
5908,1
5909,1
5910,0
5911,1
5912,1
5913,1
5914,1
5915,1
5916,1
5917,1
5918,1
5919,1
5920,0
5921,0
5922,0
5923,0
5924,1
5925,1
5926,1
5927,1
5928,1
5929,1
5930,1
5931,1
5932,1
5933,0
5934,0
5935,0
5936,1
5937,1
5938,0
5939,0
5940,1
5941,1
5942,0
5943,0
5944,1
5945,1
5946,0
5947,0
5948,0
5949,1
5950,0
5951,0
5952,0
5953,1
5954,0
5955,1
5956,1
5957,0
5958,1
5959,1
5960,1
5961,0
5962,1
5963,1
5964,1
5965,0
5966,1
5967,1
5968,0
5969,0
5970,0
5971,0
5972,0
5973,1
5974,0
5975,1
5976,1
5977,1
5978,1
5979,1
5980,0
5981,0
5982,1
5983,1
5984,1
5985,1
5986,1
5987,0
5988,1
5989,1
5990,1
5991,1
5992,0
5993,0
5994,0
5995,0
5996,0
5997,1
5998,1
5999,1
6000,0
6001,1
6002,1
6003,1
6004,1
6005,1
6006,0
6007,1
6008,0
6009,1
6010,1
6011,0
6012,0
6013,1
6014,1
6015,1
6016,1
6017,0
6018,1
6019,1
6020,0
6021,1
6022,1
6023,1
6024,1
6025,0
6026,1
6027,0
6028,1
6029,0
6030,1
6031,1
6032,1
6033,1
6034,1
6035,0
6036,1
6037,1
6038,1
6039,1
6040,1
6041,1
6042,1
6043,0
6044,1
6045,1
6046,1
6047,1
6048,0
6049,1
6050,1
6051,1
6052,1
6053,0
6054,0
6055,1
6056,0
6057,0
6058,1
6059,0
6060,0
6061,0
6062,1
6063,1
6064,1
6065,0
6066,0
6067,1
6068,0
6069,0
6070,1
6071,1
6072,1
6073,0
6074,1
6075,1
6076,0
6077,0
6078,0
6079,1
6080,0
6081,1
6082,0
6083,0
6084,0
6085,1
6086,1
6087,0
6088,0
6089,1
6090,0
6091,1
6092,1
6093,1
6094,1
6095,1
6096,1
6097,1
6098,1
6099,0
6100,1
6101,0
6102,0
6103,1
6104,1
6105,0
6106,1
6107,0
6108,1
6109,0
6110,1
6111,0
6112,1
6113,1
6114,1
6115,1
6116,1
6117,1
6118,0
6119,1
6120,0
6121,0
6122,0
6123,0
6124,1
6125,0
6126,1
6127,1
6128,1
6129,1
6130,0
6131,1
6132,1
6133,0
6134,1
6135,1
6136,1
6137,0
6138,1
6139,0
6140,0
6141,1
6142,1
6143,1
6144,0
6145,0
6146,1
6147,0
6148,0
6149,0
6150,1
6151,1
6152,0
6153,1
6154,0
6155,1
6156,0
6157,0
6158,1
6159,0
6160,1
6161,1
6162,0
6163,1
6164,1
6165,1
6166,0
6167,1
6168,0
6169,0
6170,1
6171,1
6172,1
6173,1
6174,0
6175,1
6176,0
6177,1
6178,1
6179,1
6180,1
6181,1
6182,1
6183,1
6184,1
6185,0
6186,1
6187,0
6188,0
6189,1
6190,0
6191,0
6192,1
6193,0
6194,0
6195,1
6196,0
6197,0
6198,0
6199,1
6200,0
6201,1
6202,0
6203,0
6204,1
6205,1
6206,0
6207,1
6208,0
6209,1
6210,0
6211,1
6212,1
6213,1
6214,0
6215,0
6216,1
6217,0
6218,1
6219,0
6220,0
6221,0
6222,1
6223,0
6224,1
6225,1
6226,1
6227,0
6228,0
6229,1
6230,0
6231,0
6232,1
6233,0
6234,1
6235,0
6236,0
6237,0
6238,1
6239,1
6240,1
6241,1
6242,1
6243,1
6244,1
6245,1
6246,0
6247,1
6248,1
6249,1
6250,0
6251,0
6252,0
6253,1
6254,1
6255,0
6256,1
6257,0
6258,0
6259,0
6260,1
6261,1
6262,1
6263,1
6264,0
6265,0
6266,1
6267,1
6268,0
6269,1
6270,1
6271,1
6272,0
6273,1
6274,1
6275,1
6276,0
6277,1
6278,1
6279,0
6280,0
6281,0
6282,1
6283,0
6284,1
6285,0
6286,1
6287,0
6288,1
6289,1
6290,1
6291,1
6292,0
6293,1
6294,1
6295,1
6296,0
6297,1
6298,1
6299,0
6300,1
6301,1
6302,1
6303,0
6304,0
6305,1
6306,0
6307,1
6308,1
6309,1
6310,1
6311,1
6312,1
6313,0
6314,1
6315,1
6316,1
6317,1
6318,1
6319,0
6320,0
6321,0
6322,0
6323,1
6324,0
6325,0
6326,1
6327,1
6328,0
6329,1
6330,0
6331,1
6332,0
6333,1
6334,1
6335,1
6336,0
6337,1
6338,0
6339,1
6340,1
6341,0
6342,0
6343,1
6344,1
6345,0
6346,1
6347,1
6348,0
6349,1
6350,1
6351,0
6352,0
6353,1
6354,1
6355,1
6356,1
6357,1
6358,1
6359,1
6360,1
6361,0
6362,0
6363,1
6364,1
6365,0
6366,1
6367,1
6368,1
6369,0
6370,1
6371,0
6372,1
6373,1
6374,1
6375,1
6376,1
6377,1
6378,0
6379,0
6380,0
6381,0
6382,0
6383,0
6384,1
6385,0
6386,0
6387,1
6388,0
6389,1
6390,0
6391,1
6392,1
6393,1
6394,1
6395,1
6396,0
6397,1
6398,1
6399,1
6400,0
6401,1
6402,0
6403,1
6404,1
6405,0
6406,1
6407,1
6408,1
6409,1
6410,1
6411,0
6412,0
6413,0
6414,1
6415,1
6416,0
6417,1
6418,1
6419,1
6420,0
6421,1
6422,1
6423,0
6424,1
6425,1
6426,0
6427,0
6428,1
6429,0
6430,0
6431,0
6432,1
6433,1
6434,1
6435,1
6436,1
6437,1
6438,1
6439,1
6440,1
6441,1
6442,1
6443,0
6444,0
6445,1
6446,1
6447,1
6448,1
6449,1
6450,1
6451,0
6452,1
6453,0
6454,1
6455,1
6456,1
6457,1
6458,1
6459,0
6460,0
6461,1
6462,1
6463,0
6464,0
6465,1
6466,1
6467,1
6468,0
6469,1
6470,0
6471,1
6472,1
6473,1
6474,0
6475,1
6476,0
6477,1
6478,1
6479,0
6480,1
6481,0
6482,0
6483,0
6484,0
6485,0
6486,0
6487,0
6488,0
6489,0
6490,1
6491,1
6492,0
6493,1
6494,1
6495,0
6496,1
6497,1
6498,0
6499,0
6500,0
6501,0
6502,1
6503,1
6504,1
6505,1
6506,1
6507,0
6508,1
6509,0
6510,1
6511,1
6512,1
6513,1
6514,1
6515,0
6516,1
6517,1
6518,1
6519,0
6520,0
6521,0
6522,0
6523,1
6524,0
6525,0
6526,1
6527,1
6528,0
6529,0
6530,0
6531,0
6532,0
6533,1
6534,0
6535,0
6536,1
6537,0
6538,0
6539,1
6540,0
6541,1
6542,0
6543,1
6544,0
6545,0
6546,0
6547,1
6548,0
6549,1
6550,0
6551,1
6552,1
6553,0
6554,0
6555,0
6556,1
6557,1
6558,1
6559,1
6560,1
6561,1
6562,0
6563,1
6564,1
6565,0
6566,0
6567,0
6568,1
6569,1
6570,1
6571,1
6572,1
6573,1
6574,0
6575,1
6576,1
6577,1
6578,0
6579,0
6580,1
6581,0
6582,0
6583,0
6584,0
6585,1
6586,1
6587,0
6588,1
6589,0
6590,0
6591,0
6592,0
6593,1
6594,1
6595,1
6596,0
6597,1
6598,0
6599,0
6600,0
6601,0
6602,0
6603,0
6604,0
6605,0
6606,1
6607,0
6608,0
6609,0
6610,1
6611,1
6612,1
6613,0
6614,1
6615,0
6616,0
6617,0
6618,0
6619,1
6620,1
6621,0
6622,0
6623,0
6624,1
6625,0
6626,1
6627,0
6628,0
6629,1
6630,0
6631,1
6632,1
6633,0
6634,1
6635,1
6636,0
6637,0
6638,1
6639,1
6640,0
6641,1
6642,0
6643,1
6644,0
6645,1
6646,0
6647,1
6648,1
6649,1
6650,1
6651,1
6652,0
6653,1
6654,1
6655,0
6656,1
6657,1
6658,0
6659,1
6660,0
6661,1
6662,1
6663,1
6664,1
6665,1
6666,0
6667,1
6668,1
6669,1
6670,0
6671,1
6672,0
6673,1
6674,0
6675,0
6676,0
6677,0
6678,1
6679,1
6680,0
6681,1
6682,0
6683,1
6684,1
6685,0
6686,1
6687,0
6688,1
6689,0
6690,0
6691,0
6692,1
6693,0
6694,0
6695,1
6696,1
6697,1
6698,0
6699,1
6700,1
6701,1
6702,0
6703,1
6704,1
6705,1
6706,1
6707,1
6708,1
6709,1
6710,1
6711,1
6712,1
6713,1
6714,1
6715,0
6716,0
6717,1
6718,1
6719,0
6720,1
6721,0
6722,0
6723,0
6724,0
6725,1
6726,1
6727,1
6728,1
6729,0
6730,0
6731,1
6732,1
6733,0
6734,0
6735,0
6736,0
6737,1
6738,1
6739,0
6740,1
6741,0
6742,0
6743,1
6744,1
6745,1
6746,1
6747,0
6748,0
6749,0
6750,1
6751,1
6752,0
6753,1
6754,1
6755,0
6756,0
6757,1
6758,1
6759,1
6760,1
6761,0
6762,1
6763,1
6764,0
6765,1
6766,0
6767,0
6768,1
6769,1
6770,1
6771,0
6772,0
6773,1
6774,0
6775,1
6776,0
6777,0
6778,1
6779,0
6780,1
6781,1
6782,0
6783,1
6784,1
6785,1
6786,1
6787,1
6788,1
6789,1
6790,1
6791,0
6792,0
6793,1
6794,1
6795,1
6796,0
6797,0
6798,1
6799,1
6800,0
6801,0
6802,0
6803,0
6804,1
6805,1
6806,1
6807,1
6808,1
6809,1
6810,0
6811,1
6812,0
6813,1
6814,1
6815,0
6816,0
6817,0
6818,1
6819,0
6820,1
6821,0
6822,0
6823,1
6824,1
6825,1
6826,0
6827,1
6828,1
6829,0
6830,1
6831,0
6832,1
6833,0
6834,1
6835,0
6836,1
6837,0
6838,1
6839,1
6840,1
6841,1
6842,0
6843,0
6844,0
6845,1
6846,0
6847,0
6848,0
6849,0
6850,0
6851,0
6852,1
6853,0
6854,0
6855,1
6856,0
6857,0
6858,1
6859,1
6860,0
6861,1
6862,0
6863,0
6864,0
6865,1
6866,0
6867,0
6868,0
6869,1
6870,0
6871,0
6872,0
6873,1
6874,0
6875,1
6876,1
6877,1
6878,1
6879,0
6880,0
6881,1
6882,1
6883,1
6884,0
6885,1
6886,1
6887,0
6888,0
6889,0
6890,0
6891,0
6892,0
6893,0
6894,0
6895,1
6896,1
6897,1
6898,1
6899,1
6900,1
6901,1
6902,0
6903,1
6904,1
6905,1
6906,0
6907,0
6908,0
6909,1
6910,0
6911,1
6912,0
6913,1
6914,0
6915,1
6916,0
6917,1
6918,0
6919,1
6920,0
6921,1
6922,1
6923,1
6924,1
6925,1
6926,0
6927,0
6928,0
6929,1
6930,1
6931,0
6932,1
6933,1
6934,0
6935,1
6936,0
6937,1
6938,0
6939,1
6940,0
6941,0
6942,1
6943,1
6944,1
6945,1
6946,1
6947,0
6948,0
6949,1
6950,1
6951,1
6952,0
6953,1
6954,1
6955,0
6956,1
6957,0
6958,1
6959,0
6960,1
6961,0
6962,0
6963,1
6964,0
6965,1
6966,0
6967,0
6968,0
6969,1
6970,1
6971,0
6972,0
6973,0
6974,1
6975,0
6976,0
6977,1
6978,0
6979,0
6980,1
6981,1
6982,1
6983,1
6984,1
6985,1
6986,1
6987,1
6988,1
6989,1
6990,0
6991,0
6992,1
6993,1
6994,0
6995,0
6996,1
6997,1
6998,0
6999,0
7000,0
7001,0
7002,0
7003,1
7004,1
7005,0
7006,0
7007,1
7008,1
7009,1
7010,1
7011,1
7012,1
7013,0
7014,1
7015,1
7016,1
7017,1
7018,0
7019,0
7020,1
7021,1
7022,0
7023,0
7024,1
7025,1
7026,0
7027,1
7028,0
7029,0
7030,1
7031,0
7032,0
7033,1
7034,0
7035,1
7036,0
7037,1
7038,1
7039,1
7040,0
7041,0
7042,0
7043,0
7044,0
7045,1
7046,0
7047,1
7048,0
7049,1
7050,1
7051,1
7052,1
7053,1
7054,1
7055,1
7056,1
7057,0
7058,1
7059,1
7060,1
7061,1
7062,0
7063,1
7064,0
7065,0
7066,0
7067,0
7068,0
7069,1
7070,0
7071,0
7072,0
7073,0
7074,0
7075,1
7076,1
7077,0
7078,1
7079,0
7080,0
7081,1
7082,1
7083,1
7084,1
7085,0
7086,1
7087,0
7088,1
7089,1
7090,0
7091,1
7092,1
7093,0
7094,1
7095,1
7096,1
7097,1
7098,1
7099,1
7100,1
7101,1
7102,1
7103,1
7104,1
7105,1
7106,1
7107,1
7108,1
7109,1
7110,1
7111,1
7112,0
7113,0
7114,1
7115,1
7116,1
7117,0
7118,0
7119,1
7120,0
7121,0
7122,0
7123,1
7124,0
7125,0
7126,1
7127,0
7128,1
7129,1
7130,0
7131,1
7132,1
7133,1
7134,0
7135,1
7136,1
7137,1
7138,0
7139,1
7140,0
7141,1
7142,1
7143,1
7144,0
7145,1
7146,1
7147,1
7148,1
7149,0
7150,0
7151,1
7152,1
7153,1
7154,1
7155,0
7156,0
7157,0
7158,0
7159,1
7160,0
7161,0
7162,0
7163,1
7164,0
7165,0
7166,1
7167,0
7168,0
7169,0
7170,1
7171,1
7172,1
7173,0
7174,0
7175,1
7176,0
7177,0
7178,0
7179,0
7180,0
7181,1
7182,1
7183,0
7184,0
7185,1
7186,0
7187,1
7188,0
7189,1
7190,1
7191,1
7192,0
7193,1
7194,1
7195,0
7196,0
7197,0
7198,1
7199,0
7200,0
7201,0
7202,1
7203,1
7204,0
7205,0
7206,0
7207,1
7208,0
7209,0
7210,1
7211,0
7212,1
7213,1
7214,1
7215,1
7216,1
7217,1
7218,1
7219,1
7220,1
7221,0
7222,0
7223,0
7224,1
7225,0
7226,1
7227,1
7228,1
7229,0
7230,1
7231,0
7232,1
7233,0
7234,1
7235,0
7236,0
7237,1
7238,0
7239,1
7240,1
7241,0
7242,0
7243,1
7244,1
7245,1
7246,0
7247,0
7248,0
7249,1
7250,1
7251,1
7252,0
7253,0
7254,0
7255,1
7256,1
7257,1
7258,1
7259,0
7260,1
7261,1
7262,0
7263,0
7264,0
7265,1
7266,0
7267,1
7268,0
7269,0
7270,1
7271,1
7272,0
7273,1
7274,0
7275,1
7276,0
7277,1
7278,1
7279,1
7280,0
7281,1
7282,0
7283,1
7284,1
7285,0
7286,1
7287,1
7288,1
7289,1
7290,1
7291,0
7292,1
7293,1
7294,1
7295,0
7296,0
7297,1
7298,0
7299,0
7300,1
7301,1
7302,1
7303,0
7304,1
7305,1
7306,0
7307,1
7308,1
7309,0
7310,1
7311,1
7312,0
7313,0
7314,0
7315,1
7316,1
7317,1
7318,1
7319,0
7320,1
7321,0
7322,1
7323,1
7324,1
7325,1
7326,1
7327,0
7328,1
7329,0
7330,0
7331,1
7332,0
7333,0
7334,1
7335,1
7336,1
7337,0
7338,1
7339,0
7340,0
7341,0
7342,1
7343,0
7344,0
7345,1
7346,1
7347,1
7348,1
7349,1
7350,1
7351,1
7352,1
7353,1
7354,0
7355,0
7356,0
7357,1
7358,1
7359,1
7360,0
7361,1
7362,1
7363,1
7364,1
7365,1
7366,0
7367,1
7368,0
7369,0
7370,0
7371,1
7372,0
7373,0
7374,1
7375,0
7376,1
7377,0
7378,1
7379,0
7380,1
7381,1
7382,0
7383,1
7384,0
7385,1
7386,1
7387,1
7388,1
7389,0
7390,0
7391,0
7392,1
7393,1
7394,1
7395,0
7396,0
7397,0
7398,0
7399,1
7400,0
7401,0
7402,1
7403,1
7404,1
7405,0
7406,1
7407,1
7408,1
7409,1
7410,0
7411,0
7412,0
7413,1
7414,1
7415,1
7416,0
7417,0
7418,1
7419,0
7420,0
7421,0
7422,0
7423,1
7424,0
7425,0
7426,1
7427,0
7428,1
7429,1
7430,0
7431,0
7432,1
7433,1
7434,0
7435,1
7436,1
7437,1
7438,0
7439,0
7440,1
7441,1
7442,1
7443,0
7444,1
7445,1
7446,1
7447,0
7448,0
7449,1
7450,1
7451,0
7452,1
7453,1
7454,1
7455,1
7456,1
7457,1
7458,1
7459,1
7460,1
7461,1
7462,1
7463,1
7464,0
7465,1
7466,0
7467,0
7468,0
7469,0
7470,1
7471,1
7472,0
7473,1
7474,1
7475,0
7476,1
7477,1
7478,0
7479,1
7480,0
7481,0
7482,0
7483,0
7484,1
7485,1
7486,0
7487,1
7488,1
7489,0
7490,0
7491,0
7492,1
7493,0
7494,0
7495,1
7496,1
7497,0
7498,0
7499,1
7500,0
7501,1
7502,1
7503,1
7504,0
7505,1
7506,1
7507,0
7508,0
7509,0
7510,0
7511,1
7512,0
7513,1
7514,1
7515,0
7516,1
7517,1
7518,0
7519,0
7520,0
7521,1
7522,1
7523,0
7524,0
7525,1
7526,1
7527,0
7528,0
7529,0
7530,1
7531,1
7532,0
7533,0
7534,1
7535,0
7536,0
7537,0
7538,1
7539,0
7540,0
7541,0
7542,1
7543,0
7544,1
7545,1
7546,1
7547,1
7548,0
7549,0
7550,1
7551,0
7552,0
7553,1
7554,1
7555,1
7556,1
7557,1
7558,1
7559,1
7560,0
7561,0
7562,1
7563,0
7564,0
7565,0
7566,0
7567,1
7568,1
7569,0
7570,1
7571,1
7572,1
7573,0
7574,1
7575,0
7576,0
7577,1
7578,0
7579,0
7580,1
7581,1
7582,0
7583,0
7584,1
7585,0
7586,0
7587,0
7588,1
7589,0
7590,1
7591,1
7592,0
7593,1
7594,1
7595,1
7596,1
7597,1
7598,0
7599,1
7600,1
7601,0
7602,1
7603,1
7604,1
7605,1
7606,1
7607,1
7608,0
7609,1
7610,1
7611,0
7612,0
7613,1
7614,1
7615,0
7616,0
7617,1
7618,0
7619,0
7620,0
7621,0
7622,1
7623,0
7624,0
7625,0
7626,0
7627,1
7628,1
7629,1
7630,0
7631,0
7632,1
7633,1
7634,0
7635,1
7636,1
7637,1
7638,1
7639,1
7640,1
7641,1
7642,1
7643,1
7644,1
7645,1
7646,0
7647,0
7648,1
7649,0
7650,1
7651,1
7652,1
7653,1
7654,0
7655,1
7656,1
7657,0
7658,0
7659,1
7660,1
7661,1
7662,1
7663,1
7664,0
7665,0
7666,0
7667,1
7668,0
7669,0
7670,1
7671,1
7672,1
7673,1
7674,0
7675,1
7676,0
7677,1
7678,0
7679,1
7680,0
7681,0
7682,0
7683,1
7684,0
7685,1
7686,0
7687,1
7688,1
7689,1
7690,1
7691,0
7692,1
7693,1
7694,1
7695,0
7696,1
7697,1
7698,1
7699,0
7700,1
7701,0
7702,1
7703,1
7704,1
7705,1
7706,0
7707,1
7708,0
7709,1
7710,0
7711,0
7712,1
7713,1
7714,1
7715,1
7716,0
7717,1
7718,0
7719,1
7720,1
7721,0
7722,1
7723,1
7724,1
7725,1
7726,1
7727,1
7728,1
7729,1
7730,0
7731,1
7732,0
7733,0
7734,0
7735,1
7736,1
7737,1
7738,1
7739,1
7740,1
7741,1
7742,1
7743,1
7744,1
7745,1
7746,1
7747,0
7748,1
7749,1
7750,1
7751,0
7752,1
7753,0
7754,1
7755,0
7756,1
7757,1
7758,1
7759,1
7760,1
7761,1
7762,1
7763,0
7764,0
7765,0
7766,1
7767,1
7768,1
7769,1
7770,1
7771,1
7772,1
7773,1
7774,1
7775,0
7776,1
7777,1
7778,1
7779,0
7780,0
7781,0
7782,1
7783,0
7784,0
7785,0
7786,1
7787,0
7788,0
7789,0
7790,0
7791,1
7792,1
7793,1
7794,0
7795,1
7796,0
7797,0
7798,0
7799,1
7800,1
7801,1
7802,1
7803,0
7804,0
7805,1
7806,0
7807,1
7808,1
7809,0
7810,1
7811,1
7812,1
7813,1
7814,0
7815,1
7816,1
7817,0
7818,0
7819,1
7820,1
7821,1
7822,1
7823,1
7824,0
7825,0
7826,1
7827,0
7828,1
7829,0
7830,1
7831,0
7832,1
7833,0
7834,0
7835,0
7836,0
7837,1
7838,0
7839,1
7840,0
7841,1
7842,1
7843,1
7844,0
7845,0
7846,0
7847,0
7848,1
7849,0
7850,1
7851,1
7852,1
7853,0
7854,1
7855,1
7856,1
7857,0
7858,1
7859,1
7860,0
7861,0
7862,0
7863,1
7864,0
7865,0
7866,0
7867,1
7868,1
7869,1
7870,1
7871,0
7872,1
7873,0
7874,1
7875,1
7876,0
7877,1
7878,1
7879,0
7880,1
7881,0
7882,1
7883,1
7884,1
7885,1
7886,0
7887,0
7888,1
7889,1
7890,0
7891,0
7892,1
7893,1
7894,0
7895,1
7896,1
7897,0
7898,0
7899,1
7900,1
7901,1
7902,0
7903,1
7904,0
7905,1
7906,1
7907,0
7908,1
7909,1
7910,1
7911,1
7912,1
7913,0
7914,1
7915,1
7916,0
7917,0
7918,0
7919,1
7920,1
7921,1
7922,1
7923,0
7924,0
7925,1
7926,1
7927,0
7928,1
7929,0
7930,1
7931,0
7932,0
7933,0
7934,1
7935,1
7936,1
7937,0
7938,1
7939,1
7940,1
7941,0
7942,1
7943,1
7944,1
7945,0
7946,0
7947,0
7948,0
7949,1
7950,1
7951,1
7952,1
7953,0
7954,0
7955,0
7956,1
7957,0
7958,1
7959,0
7960,1
7961,1
7962,1
7963,1
7964,1
7965,1
7966,1
7967,1
7968,1
7969,1
7970,1
7971,0
7972,1
7973,1
7974,0
7975,1
7976,1
7977,1
7978,1
7979,0
7980,1
7981,1
7982,0
7983,0
7984,0
7985,1
7986,1
7987,0
7988,1
7989,0
7990,1
7991,0
7992,1
7993,1
7994,1
7995,0
7996,0
7997,1
7998,1
7999,1
8000,1
8001,1
8002,0
8003,1
8004,0
8005,1
8006,1
8007,1
8008,1
8009,1
8010,1
8011,1
8012,1
8013,0
8014,1
8015,0
8016,1
8017,0
8018,1
8019,1
8020,0
8021,1
8022,1
8023,1
8024,0
8025,1
8026,1
8027,0
8028,0
8029,1
8030,0
8031,1
8032,0
8033,1
8034,1
8035,1
8036,0
8037,1
8038,1
8039,1
8040,0
8041,0
8042,0
8043,1
8044,1
8045,0
8046,1
8047,1
8048,1
8049,1
8050,1
8051,0
8052,1
8053,0
8054,0
8055,1
8056,0
8057,0
8058,0
8059,1
8060,0
8061,0
8062,0
8063,1
8064,1
8065,0
8066,0
8067,1
8068,0
8069,1
8070,1
8071,1
8072,1
8073,1
8074,0
8075,0
8076,1
8077,1
8078,1
8079,0
8080,1
8081,0
8082,1
8083,1
8084,0
8085,0
8086,0
8087,1
8088,0
8089,1
8090,1
8091,0
8092,1
8093,0
8094,1
8095,0
8096,1
8097,1
8098,1
8099,1
8100,0
8101,1
8102,1
8103,1
8104,0
8105,0
8106,0
8107,0
8108,0
8109,1
8110,1
8111,0
8112,0
8113,0
8114,1
8115,0
8116,1
8117,1
8118,1
8119,1
8120,1
8121,1
8122,0
8123,1
8124,1
8125,1
8126,0
8127,1
8128,1
8129,1
8130,0
8131,0
8132,1
8133,0
8134,1
8135,0
8136,1
8137,1
8138,1
8139,0
8140,1
8141,0
8142,0
8143,0
8144,1
8145,0
8146,1
8147,0
8148,1
8149,0
8150,1
8151,1
8152,0
8153,0
8154,1
8155,1
8156,1
8157,1
8158,0
8159,1
8160,1
8161,1
8162,1
8163,1
8164,1
8165,0
8166,1
8167,1
8168,0
8169,1
8170,1
8171,0
8172,1
8173,1
8174,1
8175,1
8176,1
8177,0
8178,0
8179,1
8180,0
8181,0
8182,0
8183,0
8184,0
8185,0
8186,1
8187,1
8188,1
8189,1
8190,1
8191,1
8192,1
8193,1
8194,1
8195,1
8196,0
8197,0
8198,0
8199,0
8200,0
8201,0
8202,0
8203,1
8204,1
8205,0
8206,1
8207,0
8208,1
8209,0
8210,1
8211,1
8212,1
8213,1
8214,0
8215,0
8216,1
8217,1
8218,0
8219,0
8220,1
8221,1
8222,1
8223,1
8224,1
8225,1
8226,0
8227,0
8228,1
8229,1
8230,0
8231,1
8232,1
8233,0
8234,0
8235,1
8236,1
8237,1
8238,0
8239,1
8240,0
8241,0
8242,0
8243,1
8244,1
8245,0
8246,0
8247,1
8248,1
8249,0
8250,1
8251,0
8252,1
8253,1
8254,0
8255,1
8256,1
8257,1
8258,0
8259,1
8260,1
8261,0
8262,0
8263,1
8264,1
8265,1
8266,1
8267,1
8268,1
8269,0
8270,1
8271,0
8272,0
8273,0
8274,1
8275,0
8276,0
8277,0
8278,1
8279,1
8280,0
8281,0
8282,1
8283,1
8284,1
8285,1
8286,1
8287,1
8288,1
8289,1
8290,0
8291,0
8292,1
8293,0
8294,1
8295,1
8296,0
8297,0
8298,0
8299,1
8300,0
8301,0
8302,0
8303,1
8304,0
8305,0
8306,0
8307,0
8308,0
8309,1
8310,0
8311,1
8312,1
8313,1
8314,1
8315,0
8316,1
8317,0
8318,1
8319,0
8320,1
8321,1
8322,0
8323,1
8324,0
8325,0
8326,1
8327,1
8328,1
8329,1
8330,0
8331,1
8332,1
8333,1
8334,1
8335,1
8336,1
8337,0
8338,0
8339,0
8340,1
8341,1
8342,1
8343,1
8344,1
8345,1
8346,0
8347,0
8348,0
8349,1
8350,0
8351,1
8352,1
8353,0
8354,1
8355,1
8356,0
8357,0
8358,0
8359,0
8360,1
8361,0
8362,1
8363,1
8364,1
8365,0
8366,1
8367,0
8368,0
8369,0
8370,0
8371,1
8372,1
8373,1
8374,0
8375,1
8376,1
8377,1
8378,0
8379,0
8380,0
8381,1
8382,0
8383,1
8384,0
8385,0
8386,1
8387,1
8388,1
8389,0
8390,1
8391,0
8392,1
8393,1
8394,0
8395,1
8396,0
8397,0
8398,0
8399,1
8400,0
8401,1
8402,0
8403,0
8404,0
8405,0
8406,1
8407,0
8408,1
8409,1
8410,1
8411,1
8412,1
8413,1
8414,1
8415,1
8416,1
8417,1
8418,1
8419,1
8420,0
8421,1
8422,0
8423,1
8424,0
8425,1
8426,1
8427,1
8428,0
8429,0
8430,1
8431,1
8432,1
8433,1
8434,1
8435,1
8436,0
8437,0
8438,1
8439,0
8440,0
8441,1
8442,1
8443,1
8444,1
8445,1
8446,0
8447,1
8448,0
8449,0
8450,1
8451,0
8452,0
8453,0
8454,1
8455,0
8456,1
8457,1
8458,1
8459,0
8460,0
8461,1
8462,1
8463,1
8464,1
8465,1
8466,0
8467,1
8468,0
8469,0
8470,1
8471,1
8472,0
8473,0
8474,1
8475,1
8476,0
8477,1
8478,0
8479,1
8480,0
8481,1
8482,1
8483,0
8484,0
8485,1
8486,1
8487,1
8488,0
8489,0
8490,0
8491,0
8492,1
8493,0
8494,1
8495,1
8496,0
8497,0
8498,0
8499,1
8500,1
8501,1
8502,1
8503,0
8504,0
8505,1
8506,1
8507,1
8508,1
8509,0
8510,0
8511,0
8512,0
8513,1
8514,0
8515,0
8516,1
8517,1
8518,1
8519,1
8520,0
8521,0
8522,0
8523,0
8524,0
8525,1
8526,0
8527,0
8528,0
8529,1
8530,1
8531,1
8532,0
8533,1
8534,1
8535,1
8536,1
8537,1
8538,1
8539,1
8540,1
8541,0
8542,1
8543,0
8544,0
8545,0
8546,0
8547,0
8548,1
8549,1
8550,1
8551,1
8552,0
8553,1
8554,1
8555,1
8556,1
8557,1
8558,0
8559,1
8560,1
8561,1
8562,1
8563,1
8564,1
8565,1
8566,0
8567,1
8568,1
8569,1
8570,0
8571,0
8572,0
8573,1
8574,1
8575,0
8576,1
8577,1
8578,0
8579,0
8580,0
8581,1
8582,0
8583,0
8584,1
8585,1
8586,0
8587,0
8588,0
8589,0
8590,0
8591,1
8592,1
8593,0
8594,1
8595,0
8596,1
8597,0
8598,1
8599,1
8600,0
8601,0
8602,1
8603,1
8604,1
8605,0
8606,0
8607,1
8608,1
8609,0
8610,0
8611,0
8612,1
8613,0
8614,1
8615,1
8616,1
8617,1
8618,0
8619,1
8620,1
8621,1
8622,0
8623,0
8624,0
8625,1
8626,1
8627,1
8628,1
8629,1
8630,0
8631,0
8632,1
8633,1
8634,0
8635,1
8636,1
8637,1
8638,1
8639,1
8640,0
8641,0
8642,0
8643,0
8644,1
8645,1
8646,0
8647,1
8648,1
8649,1
8650,1
8651,0
8652,0
8653,1
8654,1
8655,0
8656,1
8657,1
8658,1
8659,1
8660,0
8661,0
8662,1
8663,1
8664,1
8665,0
8666,0
8667,1
8668,0
8669,0
8670,0
8671,0
8672,1
8673,1
8674,0
8675,1
8676,0
8677,1
8678,0
8679,0
8680,1
8681,1
8682,1
8683,0
8684,1
8685,0
8686,1
8687,1
8688,1
8689,0
8690,0
8691,1
8692,0
8693,0
8694,1
8695,1
8696,1
8697,1
8698,0
8699,1
8700,1
8701,0
8702,0
8703,1
8704,0
8705,1
8706,1
8707,0
8708,0
8709,0
8710,1
8711,0
8712,0
8713,0
8714,1
8715,1
8716,0
8717,0
8718,1
8719,1
8720,1
8721,0
8722,1
8723,1
8724,1
8725,0
8726,1
8727,0
8728,1
8729,0
8730,1
8731,0
8732,1
8733,1
8734,1
8735,1
8736,0
8737,1
8738,0
8739,1
8740,1
8741,1
8742,1
8743,0
8744,0
8745,0
8746,0
8747,0
8748,0
8749,1
8750,1
8751,1
8752,1
8753,1
8754,1
8755,1
8756,0
8757,0
8758,0
8759,0
8760,0
8761,1
8762,0
8763,1
8764,0
8765,1
8766,0
8767,0
8768,1
8769,1
8770,1
8771,1
8772,1
8773,1
8774,0
8775,1
8776,1
8777,0
8778,1
8779,1
8780,0
8781,1
8782,0
8783,1
8784,0
8785,1
8786,1
8787,1
8788,0
8789,1
8790,0
8791,1
8792,1
8793,1
8794,0
8795,0
8796,1
8797,0
8798,1
8799,1
8800,1
8801,0
8802,0
8803,0
8804,0
8805,1
8806,1
8807,0
8808,1
8809,1
8810,0
8811,1
8812,0
8813,1
8814,1
8815,1
8816,1
8817,0
8818,1
8819,0
8820,0
8821,1
8822,0
8823,1
8824,1
8825,0
8826,0
8827,0
8828,1
8829,0
8830,1
8831,1
8832,1
8833,0
8834,0
8835,0
8836,0
8837,0
8838,0
8839,0
8840,0
8841,1
8842,1
8843,1
8844,0
8845,1
8846,0
8847,0
8848,0
8849,0
8850,0
8851,0
8852,0
8853,1
8854,0
8855,1
8856,1
8857,1
8858,1
8859,0
8860,1
8861,0
8862,1
8863,0
8864,0
8865,1
8866,1
8867,1
8868,1
8869,1
8870,0
8871,0
8872,0
8873,1
8874,0
8875,1
8876,0
8877,1
8878,1
8879,1
8880,1
8881,0
8882,1
8883,0
8884,0
8885,0
8886,0
8887,1
8888,1
8889,1
8890,1
8891,1
8892,0
8893,0
8894,1
8895,0
8896,1
8897,0
8898,1
8899,0
8900,1
8901,0
8902,1
8903,0
8904,1
8905,1
8906,1
8907,1
8908,1
8909,0
8910,1
8911,0
8912,1
8913,1
8914,1
8915,1
8916,1
8917,1
8918,1
8919,0
8920,1
8921,0
8922,1
8923,1
8924,1
8925,1
8926,1
8927,0
8928,1
8929,1
8930,1
8931,1
8932,0
8933,1
8934,0
8935,0
8936,0
8937,1
8938,1
8939,1
8940,1
8941,1
8942,0
8943,1
8944,1
8945,1
8946,1
8947,1
8948,1
8949,1
8950,1
8951,1
8952,1
8953,1
8954,1
8955,0
8956,0
8957,0
8958,1
8959,1
8960,0
8961,1
8962,0
8963,1
8964,1
8965,0
8966,1
8967,1
8968,0
8969,0
8970,0
8971,1
8972,1
8973,0
8974,0
8975,0
8976,1
8977,1
8978,1
8979,1
8980,0
8981,0
8982,0
8983,1
8984,0
8985,1
8986,0
8987,1
8988,1
8989,0
8990,0
8991,1
8992,0
8993,1
8994,0
8995,0
8996,0
8997,1
8998,1
8999,0
9000,1
9001,1
9002,1
9003,0
9004,1
9005,1
9006,1
9007,0
9008,1
9009,0
9010,1
9011,0
9012,0
9013,1
9014,1
9015,1
9016,1
9017,1
9018,1
9019,1
9020,1
9021,1
9022,0
9023,0
9024,1
9025,1
9026,0
9027,0
9028,0
9029,0
9030,1
9031,0
9032,0
9033,1
9034,1
9035,0
9036,0
9037,1
9038,1
9039,0
9040,0
9041,1
9042,1
9043,1
9044,0
9045,1
9046,1
9047,0
9048,1
9049,1
9050,0
9051,1
9052,1
9053,1
9054,1
9055,1
9056,0
9057,0
9058,1
9059,1
9060,1
9061,0
9062,1
9063,0
9064,1
9065,1
9066,1
9067,0
9068,0
9069,1
9070,1
9071,0
9072,0
9073,1
9074,1
9075,1
9076,1
9077,1
9078,0
9079,0
9080,0
9081,0
9082,0
9083,1
9084,1
9085,0
9086,0
9087,0
9088,0
9089,0
9090,1
9091,0
9092,1
9093,0
9094,1
9095,0
9096,0
9097,0
9098,0
9099,0
9100,1
9101,1
9102,1
9103,1
9104,1
9105,1
9106,1
9107,0
9108,1
9109,1
9110,1
9111,1
9112,1
9113,0
9114,1
9115,0
9116,0
9117,1
9118,1
9119,0
9120,0
9121,1
9122,0
9123,0
9124,0
9125,1
9126,0
9127,0
9128,0
9129,0
9130,0
9131,1
9132,0
9133,0
9134,1
9135,0
9136,0
9137,1
9138,1
9139,0
9140,1
9141,1
9142,1
9143,1
9144,0
9145,1
9146,0
9147,1
9148,0
9149,0
9150,0
9151,0
9152,0
9153,0
9154,0
9155,1
9156,1
9157,1
9158,0
9159,1
9160,1
9161,0
9162,1
9163,0
9164,1
9165,1
9166,0
9167,0
9168,1
9169,0
9170,1
9171,1
9172,1
9173,1
9174,1
9175,1
9176,0
9177,0
9178,1
9179,1
9180,1
9181,1
9182,0
9183,1
9184,1
9185,0
9186,0
9187,0
9188,0
9189,0
9190,0
9191,0
9192,1
9193,0
9194,0
9195,1
9196,0
9197,0
9198,1
9199,1
9200,0
9201,1
9202,1
9203,1
9204,0
9205,0
9206,0
9207,1
9208,0
9209,1
9210,0
9211,0
9212,1
9213,1
9214,1
9215,1
9216,1
9217,1
9218,1
9219,1
9220,1
9221,0
9222,1
9223,1
9224,1
9225,1
9226,0
9227,0
9228,1
9229,1
9230,1
9231,1
9232,0
9233,1
9234,0
9235,1
9236,1
9237,0
9238,1
9239,1
9240,1
9241,0
9242,0
9243,1
9244,0
9245,0
9246,0
9247,1
9248,1
9249,0
9250,1
9251,0
9252,1
9253,1
9254,0
9255,0
9256,1
9257,1
9258,1
9259,1
9260,0
9261,1
9262,1
9263,0
9264,0
9265,1
9266,0
9267,1
9268,0
9269,1
9270,0
9271,1
9272,0
9273,1
9274,0
9275,0
9276,0
9277,1
9278,0
9279,0
9280,1
9281,1
9282,1
9283,1
9284,1
9285,1
9286,0
9287,0
9288,0
9289,1
9290,1
9291,1
9292,0
9293,1
9294,1
9295,1
9296,1
9297,1
9298,1
9299,0
9300,0
9301,1
9302,0
9303,0
9304,0
9305,1
9306,1
9307,0
9308,0
9309,0
9310,0
9311,0
9312,1
9313,1
9314,1
9315,1
9316,1
9317,0
9318,1
9319,1
9320,0
9321,1
9322,0
9323,1
9324,1
9325,1
9326,0
9327,0
9328,1
9329,1
9330,1
9331,1
9332,1
9333,1
9334,0
9335,1
9336,0
9337,1
9338,0
9339,1
9340,1
9341,0
9342,0
9343,1
9344,1
9345,1
9346,0
9347,1
9348,0
9349,1
9350,1
9351,1
9352,1
9353,1
9354,1
9355,1
9356,1
9357,1
9358,0
9359,1
9360,0
9361,1
9362,0
9363,0
9364,0
9365,1
9366,1
9367,0
9368,1
9369,1
9370,1
9371,1
9372,1
9373,1
9374,1
9375,0
9376,0
9377,1
9378,1
9379,1
9380,1
9381,1
9382,1
9383,1
9384,1
9385,1
9386,1
9387,0
9388,1
9389,0
9390,0
9391,0
9392,0
9393,0
9394,0
9395,0
9396,0
9397,0
9398,1
9399,0
9400,0
9401,1
9402,1
9403,1
9404,1
9405,0
9406,0
9407,0
9408,0
9409,1
9410,1
9411,0
9412,0
9413,1
9414,1
9415,1
9416,0
9417,1
9418,0
9419,0
9420,0
9421,1
9422,1
9423,0
9424,1
9425,1
9426,1
9427,1
9428,1
9429,1
9430,1
9431,1
9432,0
9433,0
9434,1
9435,1
9436,0
9437,1
9438,1
9439,0
9440,1
9441,0
9442,0
9443,1
9444,0
9445,0
9446,0
9447,1
9448,0
9449,1
9450,1
9451,1
9452,0
9453,1
9454,0
9455,1
9456,0
9457,0
9458,1
9459,1
9460,0
9461,1
9462,1
9463,1
9464,1
9465,0
9466,0
9467,1
9468,1
9469,1
9470,1
9471,1
9472,1
9473,1
9474,0
9475,1
9476,1
9477,0
9478,1
9479,1
9480,1
9481,0
9482,0
9483,0
9484,0
9485,1
9486,1
9487,1
9488,0
9489,1
9490,1
9491,1
9492,0
9493,1
9494,1
9495,1
9496,1
9497,1
9498,1
9499,1
9500,0
9501,1
9502,1
9503,1
9504,1
9505,0
9506,0
9507,0
9508,1
9509,1
9510,0
9511,1
9512,0
9513,0
9514,1
9515,1
9516,1
9517,1
9518,0
9519,1
9520,0
9521,0
9522,0
9523,1
9524,0
9525,1
9526,0
9527,1
9528,1
9529,1
9530,1
9531,0
9532,1
9533,1
9534,1
9535,1
9536,0
9537,1
9538,1
9539,1
9540,0
9541,0
9542,1
9543,0
9544,1
9545,1
9546,1
9547,1
9548,1
9549,0
9550,1
9551,1
9552,1
9553,0
9554,1
9555,1
9556,0
9557,1
9558,0
9559,0
9560,1
9561,1
9562,0
9563,1
9564,0
9565,1
9566,0
9567,1
9568,1
9569,1
9570,1
9571,0
9572,0
9573,1
9574,0
9575,1
9576,0
9577,0
9578,0
9579,0
9580,1
9581,1
9582,0
9583,0
9584,1
9585,0
9586,0
9587,1
9588,0
9589,0
9590,1
9591,1
9592,0
9593,0
9594,1
9595,0
9596,0
9597,0
9598,1
9599,1
9600,0
9601,1
9602,1
9603,1
9604,1
9605,0
9606,0
9607,1
9608,0
9609,1
9610,1
9611,0
9612,0
9613,1
9614,0
9615,1
9616,1
9617,1
9618,1
9619,1
9620,0
9621,0
9622,0
9623,1
9624,1
9625,0
9626,0
9627,1
9628,0
9629,1
9630,1
9631,1
9632,1
9633,1
9634,1
9635,1
9636,0
9637,0
9638,0
9639,0
9640,1
9641,0
9642,1
9643,0
9644,0
9645,0
9646,0
9647,0
9648,0
9649,0
9650,1
9651,0
9652,1
9653,1
9654,0
9655,1
9656,0
9657,0
9658,1
9659,0
9660,1
9661,1
9662,1
9663,0
9664,1
9665,1
9666,1
9667,1
9668,0
9669,1
9670,1
9671,1
9672,0
9673,1
9674,0
9675,0
9676,1
9677,1
9678,1
9679,0
9680,0
9681,1
9682,1
9683,1
9684,1
9685,1
9686,1
9687,0
9688,0
9689,1
9690,1
9691,1
9692,1
9693,1
9694,0
9695,1
9696,1
9697,0
9698,0
9699,0
9700,1
9701,1
9702,1
9703,1
9704,1
9705,1
9706,1
9707,1
9708,0
9709,0
9710,0
9711,0
9712,1
9713,1
9714,1
9715,1
9716,0
9717,1
9718,0
9719,0
9720,1
9721,1
9722,1
9723,0
9724,1
9725,1
9726,0
9727,1
9728,0
9729,0
9730,0
9731,1
9732,1
9733,0
9734,1
9735,0
9736,0
9737,1
9738,1
9739,1
9740,1
9741,1
9742,1
9743,0
9744,0
9745,0
9746,1
9747,0
9748,0
9749,0
9750,1
9751,1
9752,0
9753,1
9754,0
9755,1
9756,1
9757,0
9758,1
9759,0
9760,0
9761,0
9762,0
9763,1
9764,1
9765,0
9766,1
9767,0
9768,1
9769,0
9770,0
9771,1
9772,0
9773,0
9774,1
9775,1
9776,1
9777,1
9778,1
9779,0
9780,1
9781,0
9782,1
9783,0
9784,1
9785,0
9786,0
9787,1
9788,0
9789,1
9790,0
9791,1
9792,0
9793,1
9794,1
9795,1
9796,1
9797,0
9798,1
9799,1
9800,0
9801,0
9802,0
9803,0
9804,0
9805,0
9806,0
9807,0
9808,1
9809,1
9810,1
9811,1
9812,1
9813,0
9814,0
9815,1
9816,1
9817,1
9818,1
9819,0
9820,1
9821,1
9822,0
9823,0
9824,1
9825,1
9826,1
9827,1
9828,1
9829,1
9830,0
9831,1
9832,0
9833,1
9834,1
9835,1
9836,1
9837,1
9838,0
9839,1
9840,0
9841,0
9842,1
9843,1
9844,1
9845,1
9846,1
9847,1
9848,1
9849,0
9850,1
9851,0
9852,0
9853,1
9854,1
9855,0
9856,1
9857,1
9858,0
9859,0
9860,0
9861,0
9862,0
9863,1
9864,1
9865,0
9866,0
9867,1
9868,0
9869,0
9870,1
9871,0
9872,1
9873,1
9874,1
9875,0
9876,1
9877,0
9878,0
9879,1
9880,1
9881,0
9882,0
9883,1
9884,0
9885,1
9886,0
9887,0
9888,0
9889,0
9890,1
9891,1
9892,1
9893,0
9894,0
9895,1
9896,1
9897,0
9898,1
9899,0
9900,1
9901,0
9902,0
9903,0
9904,0
9905,1
9906,0
9907,1
9908,1
9909,0
9910,0
9911,1
9912,1
9913,1
9914,0
9915,1
9916,0
9917,0
9918,1
9919,0
9920,0
9921,1
9922,1
9923,1
9924,0
9925,0
9926,0
9927,1
9928,0
9929,1
9930,1
9931,1
9932,0
9933,0
9934,1
9935,1
9936,0
9937,0
9938,1
9939,0
9940,0
9941,1
9942,1
9943,1
9944,0
9945,0
9946,0
9947,1
9948,0
9949,0
9950,0
9951,1
9952,1
9953,1
9954,1
9955,0
9956,1
9957,1
9958,0
9959,1
9960,1
9961,1
9962,0
9963,1
9964,1
9965,1
9966,0
9967,0
9968,0
9969,1
9970,0
9971,1
9972,0
9973,1
9974,1
9975,1
9976,1
9977,1
9978,0
9979,0
9980,0
9981,1
9982,1
9983,1
9984,1
9985,1
9986,0
9987,0
9988,1
9989,1
9990,0
9991,0
9992,0
9993,0
9994,1
9995,0
9996,1
9997,0
9998,1
9999,0
